Course ID,Title,Credits,PreReq
ACCT 200,Financial Accounting,3,MATH 112 or MATH 115	or MATH 121 or MATH 130 or MATH 181
ACCT 210,Managerial Accounting,3, ACCT 200
ACCT 220,Accounting Cycle Applications,1, ACCT 200
ACCT 300,Intermediate Financial Accounting I,3,ACCT 200
ACCT 301,Intermediate Financial Accounting II,3, ACCT 300 
ACCT 310,Management Accounting I,3,"ACCT 200, ACCT 210"
ACCT 320,Accounting Analytics and Information Systems,3,
ACCT 330,Individual Income Tax,3," ACCT 200, ACCT 210"
ACCT 400,Advanced Financial Accounting,3, ACCT 301 
ACCT 410,Business Income Tax,3," ACCT 300, ACCT 330 "
ACCT 421,Assurance Services I,3,ACCT 300
ADT 500,Dental Anatomy and Biomaterials in Advanced Dental Therapy,1,
ADT 505,Advanced Dental Therapy Preclinical Operative Dentistry,5.00                                    ,
ADT 510,Health Assessment and Treatment Planning Seminar,1,
ADT 515,Pediatric and Adolescent Oral Healthcare in Advanced Dental Therapy,5.00                                    ,
ADT 520,Health Assessment and Treatment Planning Lab and Clinic,2,
ADT 525,Advanced Dental Therapy Clinic & Seminar I,4,
ADT 615,Pharmacology in Advanced Dental Therapy Practice,2,
ADT 620,Management of Medical and Dental Emergencies in Advanced Dental Therapy,1,
ADT 640,Advanced Dental Therapy Clinic II,3,
ADT 645,Advanced Dental Therapy Clinic & Seminar III,3,
ADT 650,Advanced Dental Therapy Clinic & Seminar IV,3,
ADT 655,Advanced Dental Therapy Clinic and Seminar V,3,
ADT 656,Research skills for the Advanced Dental Therapist,1,
ADT 660,Integrated Dental Therapy Practice,2,
ADT 661,Capstone Project for Advanced Dental Therapist,1,
AET 102,Introduction to Automotive Engineering Technology,1,
AET 160,Automotive Technology & Systems,4,
AET 261,Automotive Driveability and Diagnosis,4,
AET 262,Automotive Computers and Electronics,4,"AET 160, AET 261, EET 113"
AET 280,Data Acquisition and Analysis,3,"EET 113, MATH 121"
AET 334,Fluid Power,3," MATH 121, PHYS 211"
AET 364,Chassis Design and Performance Testing,4,"MATH 121, PHYS 211"
AET 366,Automotive Thermodynamics and Engine Design,3,"CHEM 104, MATH 121, PHYS 211"
AET 387,Junior Design Project,3,"ENG 271W, STAT 154"
AET 436,Hybrid and Electric Vehicles,3,"AET 280, AET 366"
AET 465,Automotive Laboratory Experience,2,"AET 364, Permission required"
AET 468,Automotive Research Methods,4,"AET 366, PHYS 211, STAT 154"
AET 488W,Senior Design Project I,3,"MET 341, AET 364, AET 387"
AET 489W,Senior Design Project II,3,"AET 468, AET 488W, MET 324"
AET 535,Automotive Design & Construction,,
AET 536,Hybrid and Electric Vehicles,3,
AET 568,Automotive Research Methods and Design of Experiments,4,
AET 592,Seminar: Automotive,,
AET 637,Automotive Emission Design and Measurement,,
AET 638,High Performance Engineering,,
AET 647,Advanced Automotive Emissions and Measurement,,
AET 648,Advanced High Performance Engineering,1-3,
AET 661,Automotive Experimental Research 1,2,
AET 662,Automotive Experimental Research 2,2,
AET 663,Automotive Experimental Research 3,2,
AET 664,Automotive Experimental Research 4,2,
AET 677,Individual Study,,
AET 694,Alternate Plan Paper,,
AET 697,Internship: Automotive,,
AET 699,Thesis,,
AGBZ 110,Agronomy Selling Skills,3,
AGBZ 111,Introduction to Agriculture Economics,3,
AGBZ 315,Agronomy Finance Management,4,
AGBZ 330,AgriBusiness & Food Supply Chain Management,3,
AGBZ 340,Commodity Marketing Principles,3,
AGBZ 345,Commodity Marketing Strategies,2,
AGBZ 350,Agribusiness Transfer & Law,3,
AGBZ 370,AgriBusiness Finance,3,
AGBZ 371,Agricultural Technology Seminar,2,
AGBZ 496,Internship,1-4,
AIS 101,Introduction to American Indigenous Studies,3,
AIS 112,Elementary Ojibwe I,4,
AIS 113,Elementary Ojibwe II,4,
AIS 130,Introduction to Indigenous Education,3,
AIS 210W,Oral Traditions,3,
AIS 211,Native America to 1900,3,
AIS 212,Native America 1900 to Present,3,
AIS 220W,Introduction to Tribal Sovereignty,3,
AIS 230W,American Indians of Minnesota,3,
AIS 240W,American Indian Women,3,
AIS 275,Selected Topics:,3,
AIS 300W,American Indian Leaders,3,
AIS 330,Indigenous Education,3,
AIS 340,American Indians in Film,3,
AIS 360,Indigenous Peoples and Environmental Struggles,3,
AIS 380,The Sacred Landscape,3,
AIS 398,CPT: Co-Operative Experience,0, At least 60 credits earned; in good standing; instructor permission; co-op contract; other prerequisites may also apply.
AIS 455,Museum Science and Representation,3,
AIS 460,Behaving Like Relatives,3,
AIS 475,Selected Topics:,3,
AIS 485,Workshop,1-6,
AIS 497,Internship,1-12,
AIS 499,Individual Study,1-6,
AIS 555,Museum Science and Representation,3,
ANTH 101,Introduction to Anthropology,4,
ANTH 102,Ancient Peoples,4,
ANTH 120,Forensic Science: An Anthropological Approach,4,
ANTH 210,Introduction to Archaeology,4,
ANTH 220,Human Origins,4,
ANTH 230,Peoples and Cultures of the World,4,
ANTH 240,Language and Culture,4,
ANTH 245,The Social Life of Swearing,4,
ANTH 250W,Portraits of Culture,4,
ANTH 260,"Vampires, Werewolves, and Zombies: Folklore of Fear",4,
ANTH 261,"Taboos, Tattoos, and T-Shirts: Culture and Body Art",4,
ANTH 269,Anthropology of Sex,4,
ANTH 285,Special Topics,,
ANTH 290,Exploratory Studies,, Consent 
ANTH 300,Introduction to Anthropology Methods,4, ANTH 101
ANTH 311,Ancient Egypt,4,
ANTH 323,Primate Behavior,4, ANTH 101 or ANTH 220 or consent
ANTH 331,Environmental Anthropology,4,
ANTH 332,Anthropology of Religion,4,
ANTH 335,People and Cultures of Sub-Saharan Africa,4,
ANTH 340,Language and Power,4,
ANTH 360,Business Anthropology,4,
ANTH 361,Foodways,4,
ANTH 410,Archaeology of Minnesota,4,
ANTH 411,Archaeology of Native North America,4,
ANTH 412,Archaeology of Latin America,4,
ANTH 414,Museology,4,
ANTH 415,Cultural Resource Management,4," ANTH 101, ANTH 210 or consent "
ANTH 416,Archeological Methods,4,
ANTH 417,Quaternary Environments and Climatic Change,4,"GEOG 101, ANTH 210; Students are strongly encouraged to take Geog 315 or 4/515 before enrolling. Geol 121 can be substituted for Geog 101 with instructor permission."
ANTH 418,Agricultural Systems and Environmental Change,4,
ANTH 420,Human Osteology,4,
ANTH 421W,"Health, Culture, and Disease",4,
ANTH 422,Forensic Anthropology,4, ANTH 420 
ANTH 424,Bioarchaeology,4,
ANTH 425W,Anthropology of Death,4,
ANTH 430,Peoples and Cultures of Latin America,4," ANTH 101, ANTH 230, or consent "
ANTH 432,"Kinship, Marriage and Family",3,
ANTH 433,Anthropology of Gender,4," ANTH 101, ANTH 230, or consent "
ANTH 436W,Anthropology of Aging,4," ANTH 101, ANTH 230, or ANTH 220, or consent "
ANTH 437,Applied Anthropology,4," ANTH 101, ANTH 230 or consent "
ANTH 438W,Anthropological Theory,4,
ANTH 439,Qualitative Research Methods,4," ANTH 101, ANTH 220 or consent "
ANTH 440,Native American Cultures of North America,4,
ANTH 443W,People and Cultures of East Asia,4,
ANTH 475,Senior Thesis,3,ANTH 300
ANTH 480,Fieldwork: Archaeology/Ethnology,," Consent, or one of: ANTH 101, ANTH 102, or ANTH 220 "
ANTH 485,Topics in Anthropology,1-4,
ANTH 486,Workshop,, Depends on topic and instructor 
ANTH 491,Archaeology Laboratory,,
ANTH 492,Biological Anthropology Lab,, Consent 
ANTH 493,Ethnology Lab,, Consent 
ANTH 494,Linguistic Lab,,
ANTH 497,Internship,, Consent 
ANTH 498,Internship: Teaching Anthropology,,
ANTH 499,Individual Study,, Consent 
ANTH 510,Archaeology of Minnesota,4,
ANTH 511,Archaeology of Native North America,4,
ANTH 512,Archaeology of Latin America,4,
ANTH 514,Museology,4,
ANTH 515,Cultural Resource Management,4,
ANTH 516,Archeological Methods,3,
ANTH 517,Quaternary Environments and Climatic Change,4,
ANTH 518,Agricultural Systems and Environmental Change,4,
ANTH 520,Human Osteology,4,
ANTH 521,"Health, Culture, & Disease",4,
ANTH 522,Forensic Anthropology,4,
ANTH 524,Bioarchaeology,4,
ANTH 525,Anthropology of Death,4,
ANTH 530,Peoples and Cultures of Latin America,4,
ANTH 532,"Kinship, Marriage and Family",4,
ANTH 533,Anthropology of Gender,4,
ANTH 536,Anthropology of Aging,4,
ANTH 537,Applied Anthropology,4,
ANTH 538,Anthropological Theory,3,
ANTH 539,Qualitative Research Methods,4,
ANTH 540,Native American Cultures of North America,4,
ANTH 543,People and Cultures of East Asia,4,
ANTH 577,Individual Study,,
ANTH 580,Fieldwork: Archea/Ethno,,
ANTH 585,Topics in Anthropology,,
ANTH 586,Workshop,1-4,
ANTH 591,Archaeology Laboratory,,
ANTH 592,Biological Anthropology Lab,,
ANTH 593,Ethnology Lab,,
ANTH 601,Seminar,3,
ANTH 602,Seminar: Research Methods,3,
ANTH 603,Practicing Anthropology,3,
ANTH 677,Individual Study,,
ANTH 694,Alternative Plan Paper,3-6,
ANTH 697,Internship,1-12,
ANTH 699,Thesis,1-6,
AOS 301,Introduction to Applied Leadership,3,
AOS 488,Professional Studies Portfolio,2, AOS 301
ART 100,Elements and Principles of Art,3,
ART 101,Design Foundations,3,
ART 103,Three-Dimensional Design,3,
ART 110,Drawing Foundations,3,
ART 160,Introduction to Visual Culture,3,
ART 202,Introduction to Digital Media,3,
ART 210,Drawing,3, ART 110 
ART 212,Life Drawing,3, ART 110 
ART 220,Graphic Design I,3,ART 202
ART 225,Developing Creativity: Approaches and Techniques,3,
ART 231,Mixed Media,3,
ART 240,Painting,3,"ART 100 or ART 101, ART 110 or consent"
ART 245,Watercolor,3,"ART 100 or ART 101, ART 110 or consent"
ART 250,Ceramics: Beginning Wheel,3,
ART 251,Ceramics: Beginning Handbuilding,3,
ART 260,Art History Survey I,3,
ART 261,Art History Survey II,3,
ART 265W,Art As Politics,3,
ART 270,Printmaking: Beginning Silkscreen and Lithography,3,
ART 271,Printmaking: Beginning Intaglio/Relief,3,
ART 275,Introduction to Photography,3,
ART 280,Sculpture,3, ART 103 or consent 
ART 285,Introduction to Installation,3, ART 103 or consent
ART 302,Interaction Design,3,ART 202
ART 304,Typography I,3,ART 202
ART 310,Drawing,3, ART 210
ART 320,Graphic Design II,3," ART 220, ART 302, ART 304"
ART 324,Concept and Image,3," ART 220, ART 302, ART 304"
ART 340,Painting,3, ART 240 or consent 
ART 350,Intermediate Ceramics,3, ART 250 or ART 251 
ART 370,Printmaking: Intermediate Studio,3, ART 270 or ART 271 
ART 372,Digital Printmaking,3," ART 202, ART 271"
ART 375,Intermediate Black and White Photography,3,ART 275
ART 377,Intermediate Digital Photography,3,ART 275
ART 378,Experimental Video,4,
ART 380,Sculpture,3, ART 280 
ART 385,Explorations in Installation Art I,4, ART 285 or consent
ART 391,Portfolio Review,0,ART 104
ART 392,Portfolio Review: Graphic Design,0,
ART 400,Graphic Design Special Topics,3-6,ART 392
ART 402,Motion Graphics,3,ARTR 392
ART 404,Typography II,3,"ART 220, ART 302, ART 304"
ART 405,Self-Initiated Design Workshop,3,392
ART 406,Web Design I,3,"ART 220, ART 302, ART 304"
ART 410,Drawing Workshop,3-6, ART 310
ART 417,Medieval Art and Architecture,3, ART 260 or consent
ART 419,Gender in Art,3, ART 261 or consent 
ART 420,Graphic Design III,3-6,"ART 320, ART 404, ART 406"
ART 421,Art Methods Elementary School,3," ART 100 or ART 101, Jr. status or consent "
ART 424,Art Education for the Exceptional Child,3, ART 421 
ART 426,Art Methods Secondary School,3, ART 421 
ART 434,Arts Administration,3,
ART 436,Web Design II,3,"ART 392, ART 406"
ART 440,Painting,3-6, ART 340
ART 444,Typography III,3,"ART 392, ART 404"
ART 450,Advanced Ceramics,3-6, ART 350 
ART 460,Ancient Art,3, ART 260 or consent 
ART 461,Medieval Art Around the Mediterranean,4,
ART 462,Renaissance Art,3, ART 261 or consent 
ART 463,Mannerism to Romanticism,3,"ART 392, ART 406"
ART 464,Art Museum and Exhibition Studies,3," ART 260, ART 261"
ART 466,Realism to Postmodernism,3, ART 261 or consent 
ART 467,Art of the Islamic World,3,
ART 468,Design: History and Theory,3,
ART 469,Asian Art,3," ART 260, ART 261 or consent "
ART 470,Printmaking: Advanced Studio,3-6, ART 370 
ART 475,Advanced Photography Studio,3-6,
ART 477W,Roots of Modern Islamic Art,3,
ART 480,Sculpture,3-6, ART 380 
ART 485,Advanced Installation,3-6, ART 385 or consent
ART 492,Art History Seminar,1-6, Consent 
ART 493,Gender in Art,4,
ART 494,Topics,3,
ART 495,Senior Exhibit,1,Consent
ART 496,Art History Senior Thesis,1, Consent of advisor 
ART 497,Internship,1-6, Jr. standing with consent of advisor and department chair. 
ART 498,Professional Practice in Graphic Design,2,
ART 499,Individual Study,1-6, Consent 
ART 501,Graphic Design,4,
ART 510,Drawing: Contemporary Practices I,4,
ART 519,Gender in Art,3,
ART 521,Art & Design Education 1: Content and Clinical Experience at the K-6 Level,3,
ART 524,"Arts Based Pedagogy: Practices, Technologies and Assessments",3,
ART 526,Art & Design Education 2: Content and Clinical Experience at the 7-12 Level,3,
ART 534,Arts Administration,3,
ART 540,Painting: Contemporary Practices I,4,
ART 550,Graduate Ceramics I,4,
ART 560,Ancient Art Around the Mediterranean,4,
ART 561,Medieval Art Around the Mediterranean,4,
ART 562,Renaissance Art,3,
ART 563,Mannerism to Romanticism,3,
ART 564,Museum Studies: Theory & Practice,4,
ART 566,Realism to Postmodernism,3,
ART 567,Art of the Islamic World,4,
ART 568,Design: History and Theory,3,
ART 569,Arts of South & East Asia,4,
ART 570,Graduate Printmaking I,4,
ART 575,Photography,4,
ART 577,Roots of Modern Islamic Art,4,
ART 580,Graduate Sculpture I,4,
ART 585,Installation Art: Contemporary Practices I,4,
ART 594,Topics,4,
ART 600,Advanced Graphic Design,4,
ART 601,Introduction to Research in Art,3,
ART 610,Drawing: Contemporary Practices II,4,
ART 640,Painting: Contemporary Practices II,4,
ART 650,Graduate Ceramics II,4,
ART 670,Graduate Printmaking II,4,
ART 675,Photography,4,
ART 677,Individual Study,,
ART 680,Graduate Sculpture II,4,
ART 685,Installation Art: Contemporary Practices II,4,
ART 690,Graduate Review,1,
ART 697,Internship,,
ART 699,Graduate Exhibition and Defense,3-6                                     ,
AST 101,Introduction to Astronomy,3,
AST 102,Introduction to the Planets,3,
AST 125,Observational Astronomy,3,AST 101
AST 351,Telescope Operations,2," AST 201 and AST 215, Consent "
AST 353,Photometry I,2, AST 215 
AST 355,Astrometry,2, AST 201 and AST 215 
AST 357,Spectroscopy,2, AST 225 
AT 606,Anatomic Basis of Musculoskeletal Injury,3,Acceptance into the M.S. in Athletic Training degree program
AT 607,Athletic Training Techniques,3,Acceptance into the M.S. in Athletic Training degree program.
AT 608,Athletic Training Emergency Care,2,
AT 610,Evaluation Techniques I,4,
AT 612,Neurological Assessment & Care,2,
AT 614,Evaluation Techniques II,4,
AT 616,Medical Pathologies & Procedures in Athletic Training,3,
AT 620,Therapeutic Interventions I,3,
AT 622,Therapeutic Interventions II,3,
AT 624,Manual Therapy in Athletic Training,2,
AT 632,Pharmacology in Athletic Training,2,
AT 634,Nutrition for the Athletic Trainer,2,
AT 636,Behavioral Health in Athletic Training,2,
AT 670,Healthcare Administration in Athletic Training,3,
AT 671,Clinical Experiences I,1,
AT 672,Clinical Experiences II,2,
AT 673,Clinical Experiences III,2,
AT 674,Clinical Experiences IV,3,
AT 680,Athletic Training Research Methods & Statistics,4,Acceptance into the M.S. in Athletic Training degree program
AT 681,Evidence-Based Practice I,1,
AT 682,Evidence-Based Practice II,1,
AVIA 100,Aviation Program Orientation,1,
AVIA 101,World of Aviation,3,
AVIA 102,Aviation Terminology,3,
AVIA 150,Private Pilot,3,
AVIA 151,Private Pilot Flight Lab,2,
AVIA 152,Private Pilot Helicopter Flight Lab,3,
AVIA 153,Private Pilot Flight Lab II,1,
AVIA 160,Introduction to UAS,3,
AVIA 171,Multi-Engine Flight Lab,1,"AVIA 151, or equivalent"
AVIA 201,Theory of Flight,3,"PHYS 101, MATH 112. Select 1 course: AVIA 150 or AVIA 240"
AVIA 202,Principles of Air Navigation,3, AVIA 150
AVIA 240,Instrument Pilot,3," AVIA 150, or equivalent "
AVIA 241,Instrument Pilot Flight Lab,2,
AVIA 242,Instrument Pilot Helicopter Flight Lab,3, AVIA 152
AVIA 243,Instrument Pilot Flight Lab II,1,
AVIA 250,Commercial Pilot,3,"AVIA 153, AVIA 240"
AVIA 251,Commercial Pilot Flight Lab,2,
AVIA 252,Commercial Pilot Helicopter Flight Lab,3," AVIA 152, AVIA 242"
AVIA 253,Commercial Pilot Flight Lab II,2,
AVIA 270,Helicopter Pilot,3," AVIA 150, AVIA 250, AVIA 260"
AVIA 275,Helicopter Flight Theory,3,
AVIA 300,Advanced Studies Orientation,1, ENG 271W or ENG 272W 
AVIA 305,Aviation Professional Communications,1,
AVIA 306,Intercollegiate Flight Team,1,
AVIA 333,Airline Operations,3,
AVIA 334,Aviation Management,3,
AVIA 336,Basic Aircraft Systems,3,
AVIA 337,Avionics,3,
AVIA 338,Advanced Aircraft Systems,3,AVIA 201
AVIA 339,Aerospace Propulsion,3,
AVIA 340,Flight Operations,3,AVIA 240
AVIA 343,Airport Management,3,
AVIA 344,Airport Operations,3,
AVIA 360,Flight Instructor,3,"AVIA 243, AVIA 250"
AVIA 364,Flight Instructor Flight Lab,3,
AVIA 365,UAS Sensors,3,AVIA 160
AVIA 370,Confidence Maneuver Training flight lab,3,AVIA 253
AVIA 375,UAS Telemetry and Communication,3,AVIA 370
AVIA 383,Flight Instructor Helicopter Flight Lab,1, AVIA 252
AVIA 392,Instrument Instructor Helicopter Flight Lab,1," AVIA 242, AVIA 252"
AVIA 432,Aviation Law - General,3,
AVIA 435,Aviation Law - Transactions,3, AVIA 432
AVIA 436,Flight Operations and Procedures,3,AVIA 340
AVIA 437,Aviation Safety,3,AVIA 150
AVIA 442,Fundamentals of Air Traffic Control,3,AVIA 240
AVIA 443,Airline Dispatch,3,"AVIA 240, GEOG 217"
AVIA 444,Aircraft Dispatcher 2,3,AVIA 443
AVIA 445,Aviation Human Factors,3,Select 1 course: AVIA 150 or AVIA 240
AVIA 450,Professional Pilot Theory,3,"AVIA 253, AVIA 340"
AVIA 451,Professional Flight Course,3,AVIA 253
AVIA 452,Professional Aviator Course,3,
AVIA 455,Aircraft Performance,3,AVIA 338
AVIA 458,Aeromedical Factors,3,
AVIA 470,Advanced UAS Operation,3,"CIS 350, AVIA 375"
AVIA 480,UAS Emphasis Senior project/Capstone,4,AVIA 470
AVIA 490,Aviation Workshop,,
AVIA 497,Aviation Internship,,
AVIA 499,Individual Study in Aviation,,
AVIA 537,Aviation Safety,3,
AVIA 545,Aviation Human Factors,3,
AVIA 555,Aircraft Performance and Operations,3,
AVIA 560,Aviation Safety Management System,3,
AVIA 561,Aviation Safety Program Management,3,
AVIA 562,Aviation Accident Analysis and Investigation,3,
AVIA 563,Case Study in Aviation Accidents,3,
AVIA 601,Research Methods,3,
AVIA 602,Applied Research in Aviation Safety,2,
AVIA 611,Disaster Preparedness and Emergency Response,3,
AVIA 612,System Safety Analysis,3,
AVIA 613,Safety Training and Leadership,3,
AVIA 614,Aviation Professional Ethics,3,
AVIA 621,Air Transportation Safety Management,3,
AVIA 622,Aviation Maintenance Safety,3,
AVIA 623,Airport Operation Safety and Security,3,
AVIA 697,Independent Study in Aviation,1-3,
AVIA 698,Aviation Internship,1-3,
AVIA 699,Thesis,1-6,
BIOL 100,Our Natural World,4,
BIOL 102,Biology of Women,3,
BIOL 104,Introduction to Soil Science,4,
BIOL 105,General Biology I,4,
BIOL 106,General Biology II,4,
BIOL 125,Livestock Production,3,
BIOL 136,Forages and Pasture Management,2,
BIOL 146,Agronomy I,2,
BIOL 175,Orientation to Clinical Laboratory Science,1,
BIOL 201,Anatomy & Physiology I,4,
BIOL 202,Anatomy & Physiology II,4,
BIOL 204,Soils II,3,"BIOL 104, GEOL 104"
BIOL 211,Genetics,4," BIOL 105, BIOL 106, and MATH 112 "
BIOL 215,General Ecology,4, BIOL 105 and BIOL 106 or consent 
BIOL 217,Plant Science,4, BIOL 105 and BIOL 106 or consent 
BIOL 220,Human Anatomy,4,
BIOL 246,Agronomy II,3,BIOL 146
BIOL 270,Microbiology,4," One BIOL course and one semester of chemistry from among CHEM 104, CHEM 106, CHEM 111, or CHEM 201 "
BIOL 271,Principles of Microbiology,4,
BIOL 300,Evolutionary Analysis,3,"BIOL 105,  BIOL 106, BIOL 211"
BIOL 305,Invertebrate Zoology,4,"BIOL 105, BIOL 106"
BIOL 306,Vertebrate Zoology,4,"BIOL 105, BIOL 106"
BIOL 310,Basics of Human Physiology,4," BIOL 220, CHEM 104 or CHEM 106 or CHEM 111 or CHEM 201"
BIOL 320,Cell Biology,4," BIOL 105 and BIOL 106, BIOL 211 "
BIOL 324,Neurobiology,3, BIOL 220 
BIOL 325,Principles of Human Anatomy,4,BIOL 105
BIOL 330,Principles of Human Physiology,4," BIOL 220, CHEM 104 or CHEM 106 or CHEM 111 or CHEM 201"
BIOL 346,Advanced Agronomy,3,"BIOL 146, BIOL 246"
BIOL 371,Microbiology,4,"BIOL 105, BIOL 106, CHEM 201"
BIOL 380,Blood Banking/Urinalysis,3,
BIOL 398,RISEbio research,2,"BIOL 105, BIOL 106. RISEbio program participant, instructor permission"
BIOL 402,Stream Ecology,4," BIOL 105, BIOL 106, BIOL 215 or consent"
BIOL 403,Conservation Biology,3, BIOL 215 or consent 
BIOL 404,Wetlands,4,BIOL 215
BIOL 406,Fish Management,4,BIOL 215
BIOL 409,Advanced Field Ecology,4," BIOL 105, BIOL 106, BIOL 215 or consent "
BIOL 410,Global Change Biology,3," BIOL 105, BIOL 106, BIOL 215 or consent "
BIOL 411,Human Genetics,3,
BIOL 412,Soil Ecology,4," BIOL 105, BIOL 106, BIOL 215, or consent "
BIOL 413,Bioinformatics,4,"BIOL 105, BIOL 106, BIOL 211"
BIOL 414,Ichthyology,4,BIOL 306
BIOL 415,Ornithology,4,"BIOL 105, BIOL 106, BIOL 306"
BIOL 417,Biology of Aging and Chronic Diseases,3, BIOL 100 or BIOL 105 
BIOL 420,Diagnostic Parasitology,4," BIOL 100 or BIOL 105, BIOL 106 recommended "
BIOL 421,Entomology,3, BIOL 105 and BIOL 106 or consent 
BIOL 422,Mycology,4,
BIOL 423,Comparative Vertebrate Anatomy,4,"BIOL 105, BIOL 106, BIOL 306"
BIOL 424,Developmental Biology,3, BIOL 100 or BIOL 105 
BIOL 425,Developmental Biology Lab,1, BIOL 211; Co-requisite: BIOL 424
BIOL 430,Hematology/Introduction to Immunology,4,
BIOL 431,Comparative Animal Physiology,3," BIOL 105, BIOL 106 or consent "
BIOL 432,Lake Ecology,4,BIOL 215
BIOL 433,Cardiovascular Physiology,3,
BIOL 434,Animal Physiology,4,"CHEM 201, BIOL 423"
BIOL 435,Histology,4, BIOL 220 
BIOL 436,Animal Behavior,4,"BIOL 105, BIOL 106"
BIOL 438,General Endocrinology,3, BIOL 100 or BIOL 105 
BIOL 440,Wildlife Management,4,"BIOL 105, BIOL 106, BIOL 215, BIOL 306"
BIOL 441,Plant Physiology,4," BIOL 105, BIOL 106, BIOL 217, one semester organic chemistry recommended. "
BIOL 442,Flora of Minnesota,4,
BIOL 443W,Plant Ecology,4,
BIOL 444,Pathophysiology,3,
BIOL 446,Principles of Weed Science,4,"BIOL 215, BIOL 217"
BIOL 450,Soil Fertility and Plant Nutrition,3,
BIOL 451,Agroecology,4,"BIOL 105, BIOL 106"
BIOL 452,Biological Instrumentation,3," BIOL 105, BIOL 106, or consent "
BIOL 453,Biological Engineering Analysis I,4," BIOL 270 and one semester each of calculus, physics, and organic chemistry, taken concurrently with BIOL 456. "
BIOL 454,Biological Engineering Analysis II,4," BIOL 453 "
BIOL 456,Biotechnology Project/Laboratory I,3, 
BIOL 457,Biotechnology Project/Laboratory II,3," BIOL 456, taken concurrently with BIOL 454 "
BIOL 466,Principles of Pharmacology,3,"CHEM 201, BIOL 211. Select 1 course: BIOL 320 BIOL 330, BIOL 431, BIOL 441, BIOL 476"
BIOL 472,Microbial Ecology and Bioremediation,4," BIOL 105, BIOL 106, and BIOL 270 "
BIOL 473,Virology,3," BIOL 105, BIOL 106, and BIOL 270"
BIOL 474,Immunology,4," BIOL 105, BIOL 106, and BIOL 270 "
BIOL 475,Medical Microbiology,4, BIOL 270 
BIOL 476,Microbial Physiology and Genetics,5," BIOL 105, BIOL 106, BIOL 270 "
BIOL 478,Food Microbiology and Sanitation,4," BIOL 105, BIOL 106 and BIOL 270 "
BIOL 479,Molecular Biology,4," BIOL 105, BIOL 106, BIOL 211"
BIOL 481,Lab Supervision and Maintenance,1,
BIOL 485,Biology Teaching Methods and Materials,4, 16 credits BIOL 
BIOL 487,Nuclear Medicine Technology Internship I,17,
BIOL 488,Nuclear Medicine Technology Internship II,17,
BIOL 489,Senior Seminar,1,
BIOL 490,Workshop,,
BIOL 493,Cytotechnology Clinical Internship I,1-12,
BIOL 494,Cytotechnology Clinical Internship II,1-12,
BIOL 495,Cytotechnology Clinical Internship III,1-12,
BIOL 496,Cytotechnology Clinical Internship IV,1-12,
BIOL 497,Internship I,1-12, Consent 
BIOL 498,Internship II,1-12, Consent 
BIOL 499,Individual Study,1-4,
BIOL 502,Stream Ecology,4,
BIOL 503,Conservation Biology,3,
BIOL 504,Wetlands,4,
BIOL 509,Advanced Field Ecology,4,
BIOL 510,Global Change Biology,3,
BIOL 511,Human Genetics,3,
BIOL 512,Soil Ecology,4,
BIOL 513,Bioinformatics,4,
BIOL 517,Biology of Aging and Chronic Diseases,3,
BIOL 520,Diagnostic Parasitology,4,
BIOL 521,Entomology,3,
BIOL 523,Comparative Vertebrate Anatomy,4,
BIOL 524,Developmental Biology,3,
BIOL 531,Comparative Animal Physiology,3,
BIOL 532,Lake Ecology,4,
BIOL 533,Cardiovascular Physiology,3,
BIOL 534,Animal Physiology,4,
BIOL 535,Histology,4,
BIOL 536,Animal Behavior,4,
BIOL 537,Physiology and Management of Animal Reproduction,4,
BIOL 538,General Endocrinology,3,
BIOL 539,Animal Health and Disease Management,3,
BIOL 541,Plant Physiology,4,
BIOL 542,Flora of Minnesota,4,
BIOL 543,Plant Ecology,4,
BIOL 546,Principles of Weed Science,4,
BIOL 551,Agroecology,4,
BIOL 552,Biological Instrumentation,3,
BIOL 566,Principles of Pharmacology,3,
BIOL 572,Microbial Ecology & Bioremediation,4,
BIOL 573,Virology,3,
BIOL 574,Immunology,4,
BIOL 575,Medical Microbiology,4,
BIOL 576,Microbial Physiology and Genetics,5,
BIOL 578,Food Microbiology & Sanitation,4,
BIOL 579,Molecular Biology,4,
BIOL 585,Biology Teaching Methods & Materials,4,
BIOL 590,Workshop,,
BIOL 601,Biometrics,2,
BIOL 602,Research Methods,2,
BIOL 605,Ethical Issues in Biological Research,2,
BIOL 606,Paradigms in Ecology,2,
BIOL 615,Advanced Fisheries Assessment,2,
BIOL 619,Selected Topics in Biology,2-3,
BIOL 677,Individual Study,,
BIOL 681,Laboratory Supervision,,
BIOL 685,Teaching Assistant Methods,2,
BIOL 695,Seminar,1,
BIOL 697,Internship,,
BIOL 699,Thesis,1-6,
BLAW 200,Legal Environment of Business,3,
BLAW 450,Contract Law and Professional Responsibility,3, BLAW 200 
BLAW 452,Employment Law,3, BLAW 200 
BLAW 453,International Legal Environment of Business,3, BLAW 200 
BLAW 455,Legal Aspects of Banking and Finance,3, BLAW 200 
BLAW 471,Technology and Intellectual Property Law,3,
BLAW 474,Environmental Law,3, BLAW 200 
BLAW 476,Construction and Design Law,3, BLAW 200 
BLAW 477,Negotiation and Conflict Resolution,3,BLAW 200
BLAW 483,Special Topics,1-3,
BLAW 492,Study Tour,1-3,
BLAW 497,Internship,1-8,
BUS 295,Professional Preparation for Business Careers,2,
BUS 397,IBE Practicum,3,Must be admitted to a major.
CDIS 201,Observation of Human Communication,3,
CDIS 205,Beginning American Sign Language - Level I,3,
CDIS 220,Basic Audiology,3,
CDIS 290,Introduction to Communication Disorders,3,
CDIS 306,Intermediate American Sign Language - Level II,3,
CDIS 307,Advanced I American Sign Language - Level III,3,
CDIS 308,Conversations in American Sign Language,1,
CDIS 312,Speech and Language Development,3,
CDIS 320,Beginning and Intermediate Audiometrics,2,
CDIS 322,Speech and Hearing Science,3,
CDIS 346,Cultural Humility in Communication Sciences and Disorders,3,
CDIS 350W,Interprofessional Practice and Research,3,
CDIS 392,Phonetics,3,
CDIS 394,Applied Anatomy and Physiology,3,
CDIS 401,Hearing Disorders,3,
CDIS 402,Child Language Disorders,2,
CDIS 403,Child Language Disorders Lab,1,
CDIS 404,"Deaf Studies: Deaf Culture, History and Social Justice",3,
CDIS 407,Advanced II American Sign Language - Level IV,3,"CDIS 306, CDS 307"
CDIS 408,Seminar in Central Auditory Processing Disorders,3,
CDIS 409W,Literacy Foundations and Disorders for Speech-Language Pathologists,3,
CDIS 410,Neurological Bases of Speech,2,
CDIS 420,Advanced Audiometrics,2,
CDIS 421,Aural Rehabilitation,3,
CDIS 422,Hearing Across the Lifespan,2,
CDIS 431,Observation of Clinical Methods in Speech-Language Pathology,1, Concurrent enrollment in CDIS 434 
CDIS 434,Clinical Methods in Speech-Language Pathology,2," Consent, concurrent enrollment in CDIS 431 "
CDIS 438,Speech Sound Disorders,3,
CDIS 444,Appraisal and Diagnosis,3,
CDIS 445,Grand Rounds-Foundation,1,
CDIS 446,Grand Rounds-Presentation,2,
CDIS 447,Counseling in Communication Sciences and Disorders,3,
CDIS 457W,Transdisciplinary Research in Health-Related Fields,3,
CDIS 477,Interprofessional Practices,1,
CDIS 491,Inservice,1-6,
CDIS 495,Clinical Practicum: Speech/Language Disorders,2,"3 of the following: 402, 417, 438. CDIS 416 is recommended."
CDIS 541,"Diversity, Equity and Inclusion in Speech-Language Pathology",2,
CDIS 577,Augmentative and Alternative Communication,2,
CDIS 578,Interprofessional Practices,1,
CDIS 610,Research in Communication Sciences and Disorders ,2,
CDIS 613,School Age Language Assessment and Intervention,2,
CDIS 614,Early Childhood Language Assessment and Intervention,2,
CDIS 615,Sem: Speech Sound Disorder,2,
CDIS 616,Voice and Upper Airway Disorders,3,
CDIS 617,Stuttering,3,
CDIS 619,Adult Language and Cognitive Disorders,4,
CDIS 621,Motor Speech Disorders,3,
CDIS 675,Sem: Selected Topics,3,
CDIS 676,"Seminar: Selected Topics in Diversity, Equity and Inclusion",3,
CDIS 688,"Culturally Responsive Practices in Speech, Language and Hearing Sciences",2,
CDIS 689,Cultural Responsiveness: Global Experiences,1,
CDIS 692,Dysphagia,3,
CDIS 693,"Clinical Practicum Diversity, Equity and Inclusion in Speech-Language Patho",1,
CDIS 694,Alternate Plan Paper,1-2,
CDIS 695,Clinic Prac: Comm Disord,1,
CDIS 696,Comprehensive Assessment Clinic,1,
CDIS 697,Professional Preparation in Speech-Language Pathology,1,
CDIS 698,Internship,1-12,
CDIS 699,Thesis,3,
CHEM 100,Chemistry in Society,4,
CHEM 104,Introduction to Chemistry,3,
CHEM 106,Chemistry of Life Process Part I (General),3,High school algebra recommended
CHEM 111,Chemistry of Life Process Part II (Organic & Biochemistry),5, CHEM 106 or high school chemistry 
CHEM 134,Mind Altering Substances,3,
CHEM 191,Chemistry Applications,3,High school chemistry or “C” (2.0) or higher in CHEM 104. Student must demonstrate math placement requirements at or above MATH 115 in the placement chart.  See Mathematics for details.
CHEM 201,General Chemistry I,5,“C” (2.0) or higher in MATH 112 or the equivalent; high school chemistry or “C” (2.0) or higher in CHEM 104.
CHEM 202,General Chemistry II,5, “C” (2.0) or higher in CHEM 201 
CHEM 281,Biochemistry and Chemistry Professional Foundations,1,CHEM 322
CHEM 305,Analytical Chemistry,4, “C” (2.0) or higher in CHEM 202 
CHEM 316,Descriptive Inorganic Main Group Chemistry,3, “C” (2.0) or higher in CHEM 202 
CHEM 317,Transition Metal Chemistry,3, “C” (2.0) or higher in CHEM 202 
CHEM 322,Organic Chemistry I,4," CHEM 202, “C” (2.0) or higher in CHEM 202."
CHEM 324,Organic Chemistry II,3,"CHEM 322 with a ""C"" (2.0) or higher."
CHEM 325,Organic Chemistry II Lab,1, CHEM 324
CHEM 360,Principles of Biochemistry,4,CHEM 322. CHEM 324 is strongly recommended.
CHEM 398,RISE Biochem Research,2,"BIOL 105, CHEM 201"
CHEM 407,Environmental Chemistry,3, “C” (2.0) or higher in CHEM 305 
CHEM 419,Physical Inorganic Chemistry Foundations,2," “C” (2.0) or higher in CHEM 322, MATH 121 "
CHEM 423,Spectroscopic Determination of Structure,4,CHEM 322
CHEM 424,Advanced Organic Chemistry,3, CHEM 324. “C” (2.0) or higher
CHEM 445,Physical Chemistry I,4,"MATH 121, PHYS 211, CHEM 305"
CHEM 446,Physical Chemistry II ,3,"MATH 122, PHYS 212, CHEM 445"
CHEM 450,Physical Chemistry Laboratory I,1,CHEM 445
CHEM 451,Physical Chemistry Laboratory II,1,CHEM 445
CHEM 460,Biochemistry I,3," BIOL 106, CHEM 324. BIOL 106 or permission “C” (2.0) or higher in all prerequisites."
CHEM 461,Biochemistry II,3, CHEM 460 
CHEM 465,Biochemical Techniques I,2, Concurrent registration in CHEM 460 or completion of CHEM 460 with “C” or higher. CHEM 305 is highly recommended. 
CHEM 466,Biochemical Techniques II,2,
CHEM 467,Biochemistry of Cancer and Therapeutics,3,CHEM 360 or CHEM 460
CHEM 475,Instrumental Analysis,4,CHEM 305. PHYS 212 or PHYS 223.
CHEM 479,Teaching Physical Science,4, Consent 
CHEM 481W,Inquiry and Writing in Biochemistry and Chemistry,3,"ENG 101, CHEM 324"
CHEM 489,Senior Capstone,1,CHEM 445 or CHEM 465
CHEM 490,Workshop,,
CHEM 496,Senior Thesis,,
CHEM 497,Internship,,
CHEM 498,Undergraduate Research,,
CHEM 499,Individual Study,,
CHEM 560,Biochemistry I,3,
CHEM 561,Biochemistry II,3,
CHEM 565,Biochemical Techniques I,2,
CHEM 566,Biochemical Techniques II,2,
CHEM 567,Biochemistry of Cancer and Therapeutics,3,
CHEM 579,Teaching Physical Science,4,
CIS 100,Introduction to Computing and Applications,4,
CIS 101,Introduction to Information Systems,3,
CIS 113,Health Humanities and Health Informatics,4,
CIS 121,Introduction to Programming,4,MATH 112 or MATH 113 or MATH 115 or MATH 121
CIS 122,Data Structures,4,"CIS 121. Select One Course: MATH 112, MATH 113, MATH 115, MATH 121, or MATH 130"
CIS 123,Applied Programming for Healthcare Professionals,4,"CIS 121. Select One Course: MATH 112, MATH 113, MATH 115, MATH 121, or MATH 130"
CIS 202W,Computers in Society,4,
CIS 223,Algorithms,4,MATH 121 and CS 111 or CIS 122 or IT 214
CIS 224,Computer Architecture,4,CS 111 or CIS 122	or IT 214
CIS 311,Business Application Programming,4,CIS 122
CIS 340, Introduction to Database Systems ,4,CIS 121 or an approved substitute.
CIS 350,Information Security,4,EE 107 or CIS 121 or an approved substitute.
CIS 360,Introduction to Networking,4,"CIS 121. Select 1: MATH 113, MATH 115, MATH 121. Or an approved substitute."
CIS 380,Systems Analysis and Design,4,CIS 340. Select One Course: CIS 122 or CIS 123
CIS 414,Advanced Object-Oriented Programming with Design Patterns,4,"CIS 223, CIS 380"
CIS 418,Foundations of Data Science,4,"CIS 223, CIS 340"
CIS 440,Database Management Systems,4,"CIS 340, CIS 380"
CIS 442,"Database Security, Auditing and Disaster Recovery",4,"CIS 350, CIS 440"
CIS 443,Health Information Technology in Clinical Practice,4,"CIS 113, CIS 340"
CIS 444,Data Analytics,4,CIS 440
CIS 446,Cloud Computing,4,
CIS 450,Information Warfare,4,CIS 350
CIS 460,Network and Security Protocols,4,CIS 360
CIS 462,"Network, Security, Administration and Programming",4,CIS 360
CIS 464,Applications of Wireless and Mobile Networks,4,CIS 360
CIS 465,Mobile Device Application Programming,4,"CIS 223, CIS 380"
CIS 480,Software Quality Assurance and Testing,4,"CIS 223, CIS 380"
CIS 482,Human Computer Interaction,4,MATH 121. Select one: STAT 154 or PSYC 201. Select one: CS 230 or CIS 380
CIS 483,Web Application Design and Development,4,CIS 380
CIS 484,Software Engineering,4,"CIS 223, CIS 380"
CIS 485,Game Design and Development,4,"CIS 223, CIS 380"
CIS 495,Seminar in Information Technology,1,
CIS 496,Selected Topics in Information Technology,1-4,
CIS 497, Internship ,1-12,
CIS 498,Information Technology Capstone,4,
CIS 499,Individual Study,1-4,
CIS 501,Technology Fundamentals for Informatics and Analytics,4,
CIS 514,Advanced Object-Oriented Programming with Design Patterns,4,
CIS 518,Foundations of Data Science,4,"CIS 223, CIS 340"
CIS 540,Database Management Systems,4,
CIS 542,"Database Security, Auditing, and Disaster Recovery",4,
CIS 544,Data Analytics,4,
CIS 550,Information Warfare,4,
CIS 560,Network and Security Protocols,4,
CIS 562,Network Administration and Programming,4,
CIS 564,Applications of Wireless and Mobile Networks,4,
CIS 580,Software Quality Assurance and Testing,4,
CIS 582,Human Computer Interaction,4,
CIS 583, Web Applications and User Interface Design ,4,
CIS 584,Software Engineering,4,
CIS 600,Research Methods,3,
CIS 601,Research Topics,3,
CIS 602,Research Seminar,1,
CIS 630,Advanced Artificial Intelligence Systems,3,CIS 518
CIS 631,Machine Learning,3,CIS 518
CIS 640,Advanced Database Systems,3,
CIS 641,Big Data Systems,3,
CIS 650,Researching and Analyzing Information Security Risks,3,
CIS 651,Data Informed Leadership,3,
CIS 653,Reporting Information Security Risks,3,
CIS 655,Information Risk Management,3,
CIS 662,Data Communications and Networking,3,
CIS 677, Individual Study ,1-4,
CIS 680,Software Engineering Project,3,
CIS 690,Statistical Inference Packages,3,CIS 518
CIS 692,Health Informatics and Analytics Practicum,3,
CIS 694,Alternate Plan Paper,1-2,
CIS 697,Internship,1-12                                    ,
CIS 699,Thesis,1-6,
CIVE 101,Introduction to Engineering - Civil,2,
CIVE 145,CAD for Civil Engineering,2,
CIVE 201,Introduction to Problem Solving and Civil Engineering Design,2, CIVE 101 
CIVE 235,Properties of Civil Engineering Materials,3,ME 212
CIVE 271,Civil Engineering Measurements,2,"Select One: MATH 113, MATH 115, MATH 121"
CIVE 321,Fluid Mechanics,3,ME 214. Select one: ME 241 or ME 299
CIVE 340,Structural Analysis,3, CIVE 223 or ME 223 
CIVE 350,Hydraulics and Hydrology,4," CIVE 321 or ME 321, ME 291"
CIVE 360,Geotechnical Engineering,4, CIVE 223 or ME 223
CIVE 370W,Transportation Engineering,4,"CIVE 145, ME 291"
CIVE 380,Environmental Engineering,3,Select one: CHEM 201 or GEOL 291
CIVE 398,CPT: Co-Operative Experience,0, CIVE 201. At least 60 credits earned; in good standing; instructor permission; co-op contract; other prerequisites may also apply.
CIVE 401W,Civil Engineering Design I,2,"ENG 271W, CIVE 340, CIVE 350, CIVE 360, CIVE 370W"
CIVE 402W,Civil Engineering Design II,3,CIVE 401W
CIVE 412,Advanced Surveying,3,
CIVE 415,Boundary Survey and Law,3,
CIVE 417,Surveying Capstone,2,
CIVE 432,Properties of Concrete,3, ME 223 
CIVE 435,Civil Engineering Experimentation I,2,"CIVE 235, CIVE 340"
CIVE 436,Civil Engineering Experimentation II,2,"CIVE 350, CIVE 360, CIVE 380"
CIVE 446,Reinforced Concrete Design,3, CIVE 340 
CIVE 447,Prestressed Concrete Design,3, CIVE 340
CIVE 448,Steel Design,3, CIVE 340 
CIVE 452,Open Channel Flow,3, CIVE 350 
CIVE 454,Hydraulic Structures,3, CIVE 350 
CIVE 455,Agricultural Drainage and Runoff,3,CIVE 350
CIVE 458,Stormwater Management,3, CIVE 350 
CIVE 461,Fundamentals of Pavement Design,3,"ME 223, CIVE 235"
CIVE 465,Foundation Design,3, CIVE 360 
CIVE 467,Earth Structures,3, CIVE 360 
CIVE 470,Traffic Engineering,3,CIVE 370W
CIVE 471,Highway Planning and Design,3,CIVE 370W
CIVE 475,Rural and Agricultural Transportation Design,3,CIVE 370W
CIVE 476,Planning and Design of Airports,3,CIVE 370W
CIVE 478W,Transportation Asset Management,3,CIVE 370W
CIVE 481,"Water & Wastewater Treatment, Collection & Distribution",3, CIVE 380 
CIVE 484,Landfill and Hazardous Waste Engineering,3, CIVE 380
CIVE 532,Properties of Concrete,3,
CIVE 552,Open Channel Flow,3,
CIVE 554,Hydraulic Structures,3,
CIVE 558,Stormwater Management,3,
CIVE 561,Fundamentals of Pavement Design,3,
CIVE 567,Earth Structures,3,
CIVE 571,Highway Planning and Design,3,
CIVE 576,Planning and Design of Airports,3,
CIVE 581,"Water and Wastewater Treatment, Collection and Distribution",3,
CIVE 584,Landfill and Hazardous Waste Engineering,3,
CIVE 594,Global Experience in Engineering and Technology,1,
CJ 101,Introduction to Criminal Justice Systems,3,
CJ 108W,Courts and Judicial Decisions,4,
CJ 200,Foundations and Orientation to Corrections,3,
CJ 201,Careers in Criminal Justice,3,
CJ 202,Community Relations and Peacekeeping,3,
CJ 225,History of Prisons and Punishment,3,
CJ 231,Criminal Law & Procedures,4,
CJ 232,"Minnesota Laws, Rules, and Statutes",3,
CJ 233,Criminal Investigation,3,
CJ 242,Peace Officers and Human Behavior,3,
CJ 255,Juvenile Delinquency & Justice,3,
CJ 261,Policing Patrol Practicals,3,
CJ 262,Policing Firearms Practicals,3,
CJ 263,Policing Crime Scene Processing,2,
CJ 264,Policing Traffic Enforcement Practicals,2,
CJ 265,Policing Defensive Tactics,2,
CJ 291,Exploratory Studies,4,
CJ 309,Drugs and Society,3,
CJ 310,Research Methods in Criminal Justice & Criminology,3,
CJ 310W,Research Methods in Criminal Justice & Criminology,3,
CJ 321,Victims/Survivors: Criminal Justice Response,3,
CJ 322,Peacekeeping in a Diverse Society I,3,
CJ 323,Cultural Competency in Corrections,3,
CJ 324,Women in the Criminal Justice System,3,
CJ 331,Peace Officer Stress and Wellness,3,
CJ 332W,Peace Officer Communication Techniques,3,
CJ 333,Advanced Criminal Investigation,3,
CJ 334,Physical Wellness for Police,3,
CJ 350,JOLT: Joint Opportunities to Learn and Thrive,3,
CJ 355,"JOLT: Joint Opportunity to Learn and Thrive, Part II",3,
CJ 371,Criminal Justice Community Experiences,1,
CJ 393,Issues in Criminal Justice,1-3,
CJ 401,Advanced Crime Theory & Prevention,3,
CJ 402,Criminal Justice Ethics and Leadership,3,
CJ 402W,Criminal Justice Ethics and Leadership,3,
CJ 421W,Community Corrections,3,
CJ 422,Community Reentry,3,
CJ 423,Correctional Counseling,3,
CJ 429,Evidence Based Practices in Corrections,1-6,
CJ 430W,Peace Officer Technical Writing,3,
CJ 432,Peacekeeping in a Diverse Society II,3,
CJ 433,Peace Officer Senior Seminar,1,
CJ 441,Federal Agencies and Homeland Security,3,
CJ 442,Study Tour: Comparative Studies in Terrorism and Political Violence,3,
CJ 443,Study Tour: Comparative International Justice Systems,3,
CJ 445,Criminal Justice Response to Terrorism and Political Violence,3,
CJ 449,Comparative Criminal Justice Systems,3,
CJ 451,Administrative Law,4,
CJ 453,Constitutional Law,4,
CJ 454,Civil Liberties,4,
CJ 456,Correctional Law,3,
CJ 475,Judicial Process,4,
CJ 485,Topics in Criminal Justice,1-3,
CJ 496,Field Practicum & Capstone Experience in Corrections,12,
CJ 498,Internship,,
CJ 499,Independent Study,,
CJ 542,Study Tour: International Response to Terrorism,3,
CJ 543,Study Tour: International Criminal Justice Systems,3,
CJ 545,Criminal Justice Response to Terrorism and Political Violence,3,
CJ 551,Administrative Law,3,
CJ 553,Constitutional Law,3,
CJ 554,Civil Liberties,3,
CJ 585,Topics in Criminal Justice,3,
CJ 601,Practical Data Analysis & Application,3,
CJ 602,Advanced Research Methods,3,
CJ 603,Advanced Criminological Theory,3,
CJ 604,Criminal Justice Systems Management and Administration,3,
CJ 605,Critical Issues in Criminal Justice,3,
CJ 622,Legal Issues in Criminal Justice,3,
CJ 623,Organizational Planning and Budgeting,3,
CJ 624,Public Policy in Criminal Justice Systems,3,
CJ 626,Leadership Analysis and Development,3,
CJ 631,Correctional Intervention,3,
CJ 632,"Race, Crime, and Social Control",3,
CJ 633,"Women, Crime, and Justice",3,
CJ 641,Police Effectiveness,3,
CJ 642,Criminal Justice Leadership During Crisis,3,
CJ 643,Emergency Management,3,
CJ 650,Seminar in Criminal Justice,3,
CJ 691,Alternative Plan Paper,1-3,
CJ 692,Professional Portfolio,1-3,
CJ 693,Professional Project,1-3,
CJ 698,Internship,,
CJ 699,Independent Study,,
CM 108,Construction Work Experience,1,
CM 111,Introduction to Construction Management,1,
CM 120,Construction Graphics,3,
CM 130,Construction Documents,2,
CM 210,Construction Materials and Methods I,3,"CM 111, CM 120, CM 130, CIS 101"
CM 220,Construction Materials and Methods II,3, CM 210
CM 222,Introduction to Statics and Mechanics of Materials,3," PHYS 101, MATH 113 or MATH 115 or MATH 121"
CM 271,Civil Engineering Measurements,2, MATH 113 or MATH 115 or MATH 121
CM 297,Construction Professional Practice,1," CM 108, CM 210"
CM 300,Construction Safety,3, CM 210
CM 310,Estimating I,3, MATH 113 or MATH 115 or MATH 121
CM 330,Planning and Scheduling,3,CM 220
CM 340,Construction Project Management,3," CM 220, CM 222, CM 297"
CM 350,Mechanical and Electrical Systems for Construction,3, CM 220
CM 380,Construction Equipment Management,3," CM 220, CM 300"
CM 410,Estimating II,3," CM 310, CM 330"
CM 450,Construction Capstone Project,3,CM 340
CM 492,Construction Management Seminar,3, Senior Standing or instructor permission
CM 497,Internship,1-12                                    ," CM 300, CM 310, CM 330"
CMST 203,Intercultural Communication,4,
COMM 100,Fundamentals of Communication,3,
COMM 102,Public Speaking,3,
COMM 105W,Interpersonal Communication,4,
COMM 110,Media and Society,4,
COMM 183,Introduction to Game Design and Storytelling,4,
COMM 198,Newsgathering Practicum,1,
COMM 199,Public Relations Practicum,1,
COMM 201,Small Group Communication,,
COMM 202,Nonverbal Communication,4,
COMM 203,Intercultural Communication,4,
COMM 215,Effective Listening,2,
COMM 217,Experiential Storytelling,4,
COMM 220,Speech and Debate,,
COMM 221W,Media Writing Fundamentals,4,
COMM 224,Foundations in Music Industry,4,
COMM 233,Public Relations Principles,4,
COMM 240,Special Topics,,
COMM 242,Preparing for Advocacy,4,
COMM 260,Principles of Visual Mass Media,4,
COMM 280,Social Media and Society,4,
COMM 300,Foundation Seminar,2,
COMM 301,Communication Studies: Approaches and Perspectives,4,
COMM 302,Argumentation,4,
COMM 306,Strategic Communication Research Methods,4,
COMM 307,Data Storytelling,4,
COMM 310,Performance of Literature,4,
COMM 312,Professional Communication and Interviewing,4,
COMM 314,Music Management and Concert Production,4,
COMM 315,"Ethics, Free Speech, and Free Press",4,
COMM 320,Advanced Speech and Debate,,
COMM 321,Argumentation and Debate,4,
COMM 325W,Reporting and Editing,4,
COMM 326,Interpersonal Communication in Leadership,4,
COMM 330W,Multimedia Storytelling,4,
COMM 333,Advanced Public Communication,4,
COMM 334,Writing & Speaking for Broadcast,4,
COMM 335,Communication and Community,4,
COMM 340,Special Topics,,
COMM 351,Visual Storytelling,4,
COMM 353,Creative Advertising Principles,4,
COMM 360,Applied Media Design,4,
COMM 370,Foundations of Health Communication,4,
COMM 374,Digital Music 1,4,
COMM 375,Projects in Music Industry,4,
COMM 383,Game Theory and Criticism,4,
COMM 398,CPT: Co-Operative Experience,0,
COMM 400,Advanced Seminar,4,
COMM 405,Strategic Advocacy Campaigns,4,
COMM 409,Performance Studies,4,
COMM 410,Topics in Relational Communication,1-4,
COMM 412,Organizational Communication,4,
COMM 414,Music in the Marketplace,4,
COMM 415,Topics in Rhetoric and Culture,1-4,
COMM 416,Topics in American Public Address,,
COMM 417,Experiential Storytelling,4,
COMM 418,"Gender, Race, and Identity",4,
COMM 419,"Gender, Race, and Media",4,
COMM 420,Mass Media History,4,
COMM 421,Communication Studies Teaching and Coaching Methods,1-4,
COMM 425,Crisis Communication,4,
COMM 429,Aesthetics and Culture in Music Industry,4,
COMM 430,Social Movements and Advocacy,4,
COMM 432,Grassroots Advocacy and Organizing,4,
COMM 434W,Public Relations Writing,4,
COMM 435,Forensics Pedagogy,4,
COMM 436W,Specialized Writing,4,
COMM 437,Legal Aspects of the Music Industry,4,
COMM 440,Special Topics,1-4,
COMM 444,Music Promotion and Social Media,4,
COMM 445,Conflict Management,4,
COMM 450,Strategic Communications Case Studies,4,
COMM 457,"Multimedia Production for Agriculture, Food & Life Sciences",4,
COMM 460,"Dialogue, Discussion, and Debate",4,
COMM 464,AMP Ensemble,1-4,
COMM 465,Global Media,4,
COMM 469,Advocacy Documentary Production,4,
COMM 470,Topics in Health Communication,4,
COMM 473,Interactive Storytelling,4,
COMM 474,Digital Music 2,4,
COMM 475,Recording Studio,1-4,
COMM 483,Serious Game Design and Criticism,4,
COMM 484,Creative Audio Production,4,
COMM 494,Senior Capstone Seminar,2,
COMM 495,Mass Media Workshop,1-4,
COMM 496,Capstone,1-4,
COMM 497,Teaching Internship,,
COMM 498,Internship,"1, 5, 6, 7, 8, 9, 10, 11, 12            ",
COMM 499,Individual Study,1-2,
COMM 505,Strategic Advocacy Campaigns,3,
COMM 509,Performance Studies,3,
COMM 510,Topics in Relational Communication,1-3,
COMM 512,Organizational Communication,3,
COMM 515,Topics in Rhetoric and Culture,1-3,
COMM 516,Topics in American Public Address,1-3,
COMM 517,Experiential Storytelling,3,
COMM 518,"Gender, Race, and Identity",3,
COMM 519,"Gender, Race, and Media",3,
COMM 520,Mass Media History,3,
COMM 521,Communication Studies Teaching and Coaching Methods,3,
COMM 525,Crisis Communication,3,
COMM 529,Aesthetics and Culture in Music Industry,3,
COMM 530,Social Movements and Advocacy,3,
COMM 532,Grassroots Advocacy and Organizing,3,
COMM 535,Forensics Pedagogy,3,
COMM 536,Specialized Writing,3,
COMM 540,Special Topics,1-3,
COMM 544,Music Promotion and Social Media,3,
COMM 545,Conflict Management,3,
COMM 550,Speech-Debate: Pedagogy,1-3,
COMM 551,Speech-Debate: Intro to Debate,1-3,
COMM 552,Speech-Debate: Advanced Debate,1-3,
COMM 553,Speech-Debate: Adv Pedagogy,1-3,
COMM 554,Speech-Debate: Interpretation & Performance,1-3,
COMM 555,Speech-Debate: Theory & Practice I,1-3,
COMM 556,Speech-Debate: Theory & Practice II,1-3,
COMM 557,Speech-Debate: Theory & Practice III,1-3,
COMM 560,"Dialogue, Discussion, and Debate",3,
COMM 565,Global Media,3,
COMM 570,Topics in Health Communication,3,
COMM 600,Seminar in Communication Theory,3,
COMM 601,Proseminar in Communication and Media,3,
COMM 602,Communication Pedagogy,3,
COMM 603,Teaching Strategies,0.00                                    ,
COMM 604,Communication Training and Development,3,
COMM 605,Directing Online Communication,3,
COMM 606,Perspectives on Culture and Communication,3,
COMM 610,Theory and Practice of Mass Media,3,
COMM 611,Qualitative Research Methods,3,
COMM 612,Quantitative Research Methods,3,
COMM 613,Advanced Intercultural Communication,3,
COMM 620,Modern Rhetorical Criticism,3,
COMM 621,Advanced Interpersonal Communication,3,
COMM 630,Forensics Practicum,3,
COMM 633,Communication for Professionals,3,
COMM 634,Public Relations Management,3,
COMM 640,Special Topics,1-3,
COMM 650,Capstone Prospectus,0.00                                    ,611 or 612
COMM 651,Comprehensive Exams,0.00                                    ,
COMM 673,Social Media Theory and Criticism,3,
COMM 677,Individual Study,1-6,
COMM 694,Alternate Plan Paper,1-3,
COMM 697,Internship,1-6,
COMM 699,Thesis,1-6                                     ,
CS 230,Introduction to Intelligent Systems,4,CIS 121
CS 301,CS Core: Operating Systems,2,"CIS 223, CIS 224 or EE 234, and admission to major."
CS 302,CS Core: Software Engineering & Parallel Computing,2,"CIS 223, CIS 224, and admission to major."
CS 303,CS Core: Programming Languages,2,"CIS 223, CIS 224, and admission to major."
CS 304,CS Core: Databases & Information Security,2,"CIS 223, CIS 224, and admission to major."
CS 306,Network Architectures,2,CIS 223 and CIS 224 or EE 234
CS 308,Applied Algorithms,2,
CS 391W,Computer Science Project 1,4,CIS 223 and MATH 280
CS 392W,Computer Science Project 2,4,CS 391W
CS 401,Topics in Operating Systems,2,
CS 403,Topics in Programming Languages,2,
CS 406,Topics in Networking & Communication,2,
CS 410,Topics in Algorithms & Computability,2,Admission to major or permission.
CS 415,Topics in Parallel & Distributed Computing,2,Admission to major or permission.
CS 420,Topics in Architecture & Organization,2,Admission to major or permission.
CS 435,Topics in Intelligent Systems,2,
CS 440,Topics in Information Management,2,
CS 445,Topics in Information Assurance and Security,2,
CS 450,Topics in Computational Science,2,
CS 465,Topics in Graphics & Visualization,2,Admission to major or permission.
CS 470,Topics in Human Computer Interaction,2,Admission to major or permission.
CS 480,Topics in Software Engineering,2,Admission to major or permission.
CS 485,Topics in Platform-Based Development,2,
CS 490W,Cognitive Science Senior Capstone,4, Senior standing and successful completion of all core requirements.
CS 491W,Computer Science Capstone 1,4,"CS 301, CS 302, CS 303, CS 304, CS 392W"
CS 492W,Computer Science Capstone 2,4,"CS 491W and (CS 306, CS 401, CS 403, CS 406, CS 410, CS 420, CS 435, CS 440, CS 445, CS 450, CS 465, CS 470, CS 480, or CS 485)"
CS 495,Computer Science Seminar,1,Admission to major.
CS 498W,Senior Thesis,4, Senior standing and consent
CS 499,Individual Study,1-4,Consent
CS 500,Software Design and Architecture,3,
CS 510,Formal Languages/Abstract Machines,3,
CS 515,High Performance Computing,3,
CS 520,Advanced Computer Architecture,3,
CS 525,Real-time and Embedded Systems,3,
CS 530,Artificial Intelligence,3,
CS 531,Computational Linguistics,3,
CS 533,Data Mining and Machine Learning,3,
CS 552,Network Protocol Internals,3,
CS 554,Mobile and Wireless Networks,3,
CS 560,Operating Systems: Design & Implementation,3,
CS 565,Graphics and Game Programming II,3,
CS 570,Compilers,3,
CS 580,Advanced Programming Practices,3,
CS 581,Software Engineering,3,
CS 582,Software Verification,3,
CS 600,Research Methods,3,
CS 601,Research Topics,3,
CS 602,Research Seminar,1,
CS 610,Algorithm Analysis,3,
CS 611,Theory of Computation,3,
CS 620,Advanced Computer Organization,3,
CS 630,Advanced Artificial Intelligence Systems,3,
CS 631,Knowledge-Based Systems,3,
CS 660,Operating Systems Theory and Design,3,
CS 662,Data Communications and Networking,3,
CS 677,Individual Study,,
CS 680,Software Engineering Project,3,
CS 690,Statistical Inference Packages,3,
CS 694,Alternate Plan Paper,,
CS 699,Thesis,,
CSP 110,Decision Making for Career and Life,3,
CSP 470,Group Procedures,3,
CSP 471,Interpersonal Helping Skills,3,
CSP 473,Counseling the Chemically Dependent Family,3,
CSP 571,Interpersonal Helping Skills,3,
CSP 573,Counseling the Chemically Dependent Family,3,
CSP 618,Introduction to Mental Health Counseling,3,
CSP 620,Introduction to College Student Affairs in Higher Education,3,
CSP 622,Administration and Finance in Student Affairs,3,
CSP 645,Counseling Procedures & Skills I,3,
CSP 647,Crisis Intervention Strategies,3,
CSP 648,Counseling in a Multicultural Society,3,
CSP 650,Child and Adolescent Counseling Techniques,3,
CSP 652,Human Development through the Family Life Cycle,3,
CSP 653,Professional Issues in Mental Health Counseling and Family Counseling,3,
CSP 654,Play Therapy Theories and Techniques,3,
CSP 655,Mental Health in the Schools,3,
CSP 658,Career Development,3,
CSP 659,Introduction to Professional School Counseling,3,
CSP 660,Appraisal Techniques: Educational,3,
CSP 661,Appraisal Techniques in Mental Health Counseling and Family Counseling,3,
CSP 662,College Student Development in the US,3,
CSP 663,Data-driven School Counseling Within Multi-tiered Systems of Support,3,
CSP 664,Organizational and Program Assessment in Student Affairs ,3,
CSP 665,Counseling Theories,3,
CSP 666,Counseling Procedures and Skills II,3,CSP 645
CSP 667,Family Counseling,3,
CSP 668,Couples Counseling,3,
CSP 669,Interventin: Treatment Planning/Evaluation,3,
CSP 672,"Advocacy, Leadership, & Supervision In School Counseling",3,
CSP 673,Group Counseling,3,
CSP 674,Comprehensive School Counseling,3,
CSP 675,Research and Program Evaluation in Counseling and Student Personnel,3,
CSP 678,Practicum in Mental Health Counseling,1-4,"CSP 618 Introduction to Mental Health Counseling. CSP 645 Counseling Procedures and Skills I, CSP 665 Counseling Theories, CSP 666, Counseling Procedures and Skills II, CSP 673 Group Counseling"
CSP 679,Internship I in Mental Health Counseling,1-4,
CSP 682,Practicum in Professional School Counseling,1-4,
CSP 683,Internship I in Professional School Counseling,1-4,
CSP 684,Internship II in Professional School Counseling,1-4,
CSP 685,Practicum in College Student Affairs,3,
CSP 686,Internship I in College Student Affairs,3,
CSP 687,Internship II in College Student Affairs,1-4,
CSP 689,Technology in Counseling & Student Affairs,3,
CW 242W,Introduction To Creative Writing,4,
CW 340,Form and Technique in Prose,4,
CW 341,Form and Technique in Poetry,4,
CW 342,Beginning Creative Nonfiction Workshop,4,
CW 343,Beginning Fiction Workshop,4,
CW 344,Beginning Poetry Workshop,4,
CW 446,Screenwriting Workshop,4,
CW 447W,Advanced Creative Writing,4,
CW 549,Topics in Creative Writing Form and Technique,2-4,
CW 594,Special Topics Workshop,2-4,
CW 638,The Writing Life,3,
CW 640,Form and Technique in Prose,3,
CW 641,Form and Technique in Poetry,3,
CW 642,Creative Nonfiction Workshop,3,
CW 643,Short Story Workshop,3,
CW 644,Poetry Workshop,3,
CW 645,Novel Workshop,3,
CW 648,Teaching Creative Writing,3,
CW 649,Topics in Creative Writing,2-4,
CW 672,Research & Publication in Creative Writing,3,
CW 698,Internship,1-3,
CW 699,Thesis,1-4,
DANC 120,Introduction to Dance,3,
DANC 120W,Introduction to Dance,3,Consent
DANC 123,Jazz Dance I,2,Consent
DANC 125,Afro-Caribbean Dance Forms,2,Consent
DANC 126,Ballet I,2,Consent
DANC 127,Tap Dance I,2,Consent
DANC 128,Contemporary Dance I,2,Consent
DANC 129,Dance Activities,, Consent 
DANC 223,Jazz Dance II,2,Consent
DANC 225,Worlds of Dance,3,DANC 120 or DANC120W
DANC 226,Ballet II,2,
DANC 227,Tap Dance II,2,Consent
DANC 228,Contemporary Dance II,2,
DANC 320,Dance Somatics,2,
DANC 321,Dance Composition I,2,"DANC 228, DANC 322. Consent"
DANC 322,Dance Improvisation,2,Consent
DANC 323,Jazz Dance III,2,
DANC 324,Methods and Materials for Teaching Dance,3,
DANC 326,Ballet III,2,
DANC 327,Tap Dance III,2,Consent
DANC 328,Contemporary Dance III,2,
DANC 329,Dance Practicum,1,Consent. 
DANC 332,Dance Partnering,1,
DANC 333,Dance Partnering for Theatre,1,Consent
DANC 421,Dance Composition II,2, DANC 321 
DANC 424,Dance Pedagogy,3, DANC 324 
DANC 427,Topics in Dance,3,Consent
DANC 428,Dance Repertory,1,
DANC 429,Senior Dance Project,1,DANC 484W
DANC 430,Choreographic Project I,1,
DANC 431,Choreographic Project II,1," DANC 430, consent"
DANC 484,Dance History,3," DANC 120, DANC 225, DANC 226, DANC 228, DANC 321 "
DANC 484W,Dance History,3,DANC 225
DANC 497,Dance Internship,, consent
DANC 499,Individual Study,, consent
DANC 528,Dance Repertory,1,
DANC 580,Graduate Seminar,1,
DANC 590,Project,1,
DANC 599,Ind. Study: Choreographic Project,1,
DANC 620,Dance Somatics,2,
DANC 621,Dance Composition,2,
DANC 624,Dance Pedagogy,3,
DANC 625,Worlds of Dance,3,
DANC 627,Topics in Dance,3,
DANC 632,Dance Improvisation,2,
DANC 684,Dance History,3,
DANC 699,Thesis,1-3,
DHYG 100,Perspectives in Dental Hygiene,1,
DHYG 101,Introduction to Dental Professions,1,
DHYG 219,Head and Neck Anatomy and Histology,2,
DHYG 223,Pharmacology,3,
DHYG 225,Oral Anatomy,2,
DHYG 311,Preclinical Orientation,3,
DHYG 313,Clinical Skills Development,3,
DHYG 321,Radiography I,3,
DHYG 322,Biomaterials I,2,
DHYG 326,Biomaterials II,2,
DHYG 327,Periodontology I,2,
DHYG 328,Radiography II,2,
DHYG 329,Oral Embryology and Pathology,3,
DHYG 331,Clinical Dental Hygiene I,2,
DHYG 332,Clinical Seminar I,2,
DHYG 333,Clinical Dental Hygiene IS,2,
DHYG 334,Dental Practice Management,1,
DHYG 336,Culturally Aware Health Care,3,
DHYG 420,Local Anesthesia,1,
DHYG 421,Clinical Dental Hygiene II,3,
DHYG 422,Clinical Seminar II,1,
DHYG 424,Nitrous Oxide Sedation,1,
DHYG 425W,Community Dental Health,3,
DHYG 426,Dental Hygiene Jurisprudence and Ethics,1,
DHYG 427,Periodontology II,2,
DHYG 428,Technology in Dentistry,1,
DHYG 431,Clinical Dental Hygiene III,3,
DHYG 432,Clinical Seminar III,2,
DHYG 435,Community Practicum,2,
DHYG 437,Dental Management of the Medically Compromised Patient,2,
DHYG 438,Advanced Community Practice I,1,
DHYG 439,Advanced Community Practice II,1,
DHYG 441,Advanced Dental Hygiene Practice,3,
DHYG 442,Current Issues in Dental Hygiene,3,
DHYG 443,Technology in Oral Health,3,
DHYG 444W,Principles of Oral Health Promotion,3,
DHYG 445,Educational Methods in Dental Hygiene,3,
DHYG 447,Dental Health Study Abroad,3,
DHYG 451,Dental Hygiene Care Planning,3,
DHYG 452,Decision Making in Periodontology,3,
DHYG 453W,Research Methods in Dental Hygiene,3,
DHYG 454,Oral Health Promotion Practice,3, DHYG 444 
DHYG 455,Educational Practice in Dental Hygiene,3, DHYG 445 
DHYG 456,Oral Medicine and Treatment Planning,2,
DHYG 460,Restorative Functions Seminar,2,"DHYG 322, DHYG 326"
DHYG 461,Restorative Functions Clinic I,1,"DHYG 322, DHYG 326, DHYG 460"
DHYG 462,Restorative Functions Clinic II,1,"DHYG 322, DHYG 326,  DHYG 460, DHYG 461"
ECON 100,An Introduction to the U.S. Economy,3,
ECON 103W,The Economics of Women's Issues and Public Policy in the United States,3,
ECON 201,Principles of Macroeconomics,3,
ECON 202,Principles of Microeconomics,3,
ECON 207,Business Statistics,4,MATH 112 or equivalent
ECON 301,Introduction to Mathematical Economics,3,"ECON 201, ECON 202, ECON 207, MATH 112 or equivalent"
ECON 305,Money and Banking,3, ECON 201 and ECON 202 
ECON 314W,Current Economic Issues,3,
ECON 320W,Gender Issues and Economic Globalization,3, ECON 201 or ECON 202
ECON 355,Intermediate Microeconomics,3,"ECON 201, ECON 202 and ECON 301"
ECON 356,Intermediate Macroeconomics,3,"ECON 201, ECON 202 and ECON 301"
ECON 403,Labor Economics,3, ECON 201 and ECON 202 
ECON 405,Central Banking,3, ECON 305 
ECON 406,Economics of Unions,3, ECON 201 and ECON 202 
ECON 411,Urban Economics,3, ECON 201 and ECON 202 
ECON 412,Resource and Environmental Economics,3, ECON 201 and ECON 202 
ECON 416,Sports Economics,3, ECON 202 
ECON 420,International Economics,3, ECON 201 and ECON 202 
ECON 429,Economic Education,3,
ECON 440,Public Finance,3, ECON 201 and ECON 202 
ECON 450,Economic Development,3, ECON 201 and ECON 202 
ECON 462W,Econometrics,4,"ECON 201, ECON 202, and ECON 207"
ECON 463,Applied Econometrics of Financial Markets,3, ECON 207
ECON 472,Industrial Organization,3,"ECON 201, ECON 202 and ECON 207"
ECON 480,Seminar in Economics,1-3,ECON 201 and ECON 202
ECON 481,Readings in Economics,1-3,
ECON 491,In-Service,1-3,
ECON 498,Internship,1-3,"ECON 207, ECON 355, ECON 356"
ECON 499,Individual Study,1-3,ECON 201 and ECON 202
ECON 563,Applied Econometrics of Financial Markets,3,
ED 101,Introduction to Critical Race Theory in Education,3,
EDLD 634,Practicum,,
EDLD 635,Second License Internship,1-6,
EDLD 636,Superintendent Internship,3-6,
EDLD 637,Superintendent Portfolio,1-6,
EDLD 640,Leadership Communication in Educational Settings,3,
EDLD 641,Critical Race Theory in Education,3,
EDLD 642,Program Evaluation in Educational Leadership,3,
EDLD 643,21 Century Leadership,3,
EDLD 644,Seminar:  Selected Topics,1-3,
EDLD 646,Leadership and Instruction for Race and Culture,3,
EDLD 647,Organizational & Systems Change,3,
EDLD 650,Colloquium in Leadership,3,
EDLD 651,Ethics in Leadership,3,
EDLD 652,Responsive Leadership,3,
EDLD 653,Women in Leadership,3,
EDLD 662,Research in Educational Leadership,3,
EDLD 665,Legal Issues in Administration,3,
EDLD 670,Portfolio Review,1-6,
EDLD 671,Introduction to School Administration,3,
EDLD 672,Policy and Administration,3,
EDLD 673,Leadership of Special Programs,3,
EDLD 674,Supervision and Administration,3,
EDLD 675,Organizational Development,3,
EDLD 676,Higher Education Administration,3,
EDLD 677,Individual Study,,
EDLD 679,Advanced School Administration and Finance,3,
EDLD 682,Field Based Research,3,
EDLD 684,Multicultural Leadership,3,
EDLD 688,Project Demonstration,,
EDLD 690,Workshop,1-4,
EDLD 694,Alternate Plan Paper,,
EDLD 695,Portfolio Development,3,
EDLD 697,Internship in Teaching,,
EDLD 698,Internship in Administration,3-12,
EDLD 699,Thesis,,
EDLD 732,Professional Development Colloquium II,3,
EDLD 734,Professional Development Colloquium I,3,
EDLD 735,Professional Development Colloquium II,3,EDLD 734 Professional Development Colloquium I
EDLD 744,Selected Topics,4,
EDLD 747,Organizational and Critical Race Theory & Analysis,3,
EDLD 751,Seminar: Advanced Leadership Ethics,3,
EDLD 752,Seminar: Leadership Exemplars,3,
EDLD 759,Influences and Assessment of Public Policy,3,
EDLD 762,Introduction to Scholarly Writing,3,
EDLD 782,Design and Method in Qualitative Inquiry,3,
EDLD 792,Quantitative Research Methods for Educational Leadership,3,
EDLD 793,Focused Research Investigations I,3,
EDLD 794,Focused Research Investigations II,3,
EDLD 798,Doctoral Internship in Educational Leadership,1-12,
EDLD 799,Dissertation,1-12,
EE 105,Introduction to Electrical and Computer Engineering and Technology,1,
EE 106,Fundamental Digital System Design for Electrical and Computer Engineers,3,MATH 112
EE 107,Intro to Electrical and Computer Engineering Through Software Development,3,
EE 230,Circuit Analysis I,3,"PHYS 222 or concurrent, MATH 321 or concurrent"
EE 231,Circuit Analysis II,3," EE 230 and EE 240, MATH 321, PHYS 222 "
EE 234,Microprocessor Engineering I,3,EE 107 or EET 142
EE 235,Microprocessor Engineering Laboratory I,1,EE 234
EE 240,Evaluation of Circuits,1, Must be taken concurrently with EE 230. 
EE 241,Electric Circuits Lab,1,"EE, 230, EE 231, EE 240"
EE 244,Introduction to Digital Systems,2,
EE 245,Robotics Programming and Algorithms,3,CIS 122
EE 281,Digital System Design with Testability,3," EE 106, EE 107"
EE 282,Digital System Design with Testability Lab,1,
EE 303,Introduction to Solid State Devices,3," PHYS 222, and MATH 321 "
EE 304,Lab: Introduction to Solid State Devices,1,
EE 332,Electronics I,3,EE 231
EE 333,Electronics II,3, EE 332 
EE 334,Microprocessor Engineering II,3,
EE 336,Principles of Engineering Design I,1, Junior Standing
EE 337,Principles of Engineering Design II,1,EE 336
EE 341,Signals & Systems,3,EE 230. MATH 321 and PHYS 222
EE 342,Electronics Laboratory,1,EE 231 and EE 332 taken concurrently.
EE 343,Electronics II Laboratory,1,"EE 332, EE 333"
EE 344,Microprocessor II Laboratory,1,Concurrent with EE 334
EE 350,Engineering Electromagnetics,3,"EE 231, MATH 223, MATH 321 and PHYS 222"
EE 353,Communication Systems Engineering,3,"EE 341, MATH 223"
EE 358,Control Systems,3, EE 341 
EE 363,Communication Systems Laboratory,1,Concurrent with EE 353
EE 368,Control Systems Laboratory,1,EE 341 and concurrent with EE 358
EE 390,Smart Sensor Systems,3,EE334 & EE344
EE 395,Computer Hardware and Organization,3," EE 234, EE 235, EE 281"
EE 398,CPT: Co-Operative Experience,0, EE 235. At least 60 credits earned; in good standing; instructor permission; co-op contract; other prerequisites may also apply.
EE 445,Mobile Robotics,3,EE 358
EE 450,Engineering Economics,3,Advanced standing in the program
EE 453,Advanced Communications Systems Engineering,3, EE 353 and EE 363 
EE 456,Robotic Vision,3,
EE 463,Advanced Digital System Design,3, EE 244 
EE 467W,Principles of Engineering Design III,1-2                                     ,"EE 332, EE 337, EE 341, EE 358. Select One Course: EE 333, EE 390. Select One Course: EE 334, EE 353. Select One Course: EE 350, EE 395"
EE 470,Wireless Networking,3,
EE 471,Advanced Control Systems,3, EE 358 and EE 368 
EE 472,Digital Signal Processing,3, EE 341 
EE 473,Electrical Power Systems Analysis and Design,3, EE 231 or via permission from instructor
EE 474,Power Electronics,4, EE 333
EE 475,Integrated Circuit Engineering,3,EE 303 and EE 332
EE 476,"Antennas, Propagation, & Microwave Engineering",3, EE 350 
EE 477W,Principles of Engineering Design IV,1-2                                     , EE 467 and Senior Standing
EE 478,Digital Signal Processing Lab,1,EE 472
EE 479,Superconductive Devices,3, EE 303 
EE 480,Integrated Circuit Fabrication Lab,1,Concurrent with EE 475
EE 481,VLSI Design Laboratory,1,Concurrent with EE 484
EE 482,Electromechanics,3, EE 230 
EE 483,Introduction to Smart Grid,3,EE333
EE 484,VLSI Design,3, EE 333 
EE 485,ASIC Design,4,EE 484
EE 486,Signal and Power Integrity,3,EE 231. EE 341
EE 487,RF Systems Engineering,3, EE 353 and EE 363 
EE 488,PLC Application in Modern Industrial Automation,4,
EE 489,Real-time Embedded Systems,4," EE 107, EE 334, EE 395"
EE 539,Electronics for Non-Electrical Engineering Majors,4,
EE 545,Mobile Robotics,3,
EE 550,Engineering Economics,3,
EE 553,Advanced Communication Systems Engineering,3,
EE 556,Robotic Vision,3,
EE 562,Advanced Digital Systems,3,
EE 567,Principles of Engineering Design I,2,
EE 570,Wireless Networking,3,
EE 571,Advanced Control Systems,3,
EE 572,Digital Signal Processing,3,
EE 573,Electrical Power Systems Analysis and Design,3,
EE 574,Power Electronics,4,
EE 575,Integrated Circuit Engineering,3,
EE 576,"Antennas, Propagation, & Microwave Engineering",3,
EE 577,Principles of Engineering Design II,2,
EE 578,Topics in Engineering,,
EE 579,Superconductive Devices,3,
EE 580,Integrated Circuit Fabrication Lab,1,
EE 581,VLSI Design Laboratory,1,
EE 583,Introduction to Smart Grid,3,EE 333
EE 584,VLSI Design,3,
EE 585,ASIC Design,4,
EE 586,Signal and Power Integrity,3,
EE 588,PLC Application in Modern Industrial Automation,4,
EE 589,Real-time Embedded Systems,4,
EE 590,Engineering Applications of AI and ML,3,
EE 591,In-Service,,
EE 597,Internship,,
EE 600,Design Methods,3,
EE 601,Linear Systems Analysis,3,
EE 603,Non-Linear System Analysis,3,
EE 611,Computer Hardware Algorithms,3,
EE 612,Computer Architecture Design,3,
EE 613,Parallel Processors,3,
EE 614,Advanced Embedded System Design,3,
EE 615,Programmable Logic Design,3,
EE 620,Advanced Embedded Networking,3,
EE 621,Advanced Engineering Electromagnetics,3,
EE 622,Microwave Engineering,3,
EE 623,Radiation & Optical Electronics,3,
EE 632,Noise & Information Theory,3,
EE 633,Digital Communication with Information Theory,3,
EE 642,Advanced Integrated Circuit Engineering,3,
EE 643,Advanced Vlsi Design,3,
EE 644,Fundamentals of Nanoscale Transistors,3,
EE 651,Biomedical Engineering I,3,
EE 652,Biomedical Engineering II,3,
EE 663,Advanced Communication Systems,3,
EE 672,Statistical Signal Processing with Machine learning,3,
EE 674,Advanced Control Systems II,3,
EE 677,Individual Study,,
EE 680,Engineering Applications of Game Theory,3,
EE 681,Autonomous Mobile Robots,3,
EE 691,In-Service,,
EE 694,Alternate Plan Paper,1,
EE 695,Research,1-5,
EE 697,Design Project,1-4,
EE 698,Topics,,
EE 699,Thesis/Design Option,1-4,
EET 113,DC Circuits,3,MATH 112 or MATH 115
EET 114,AC Circuits,3,MATH 113 or MATH 115 may be taken concurrently.
EET 141,Integrated Computer Technology I,4,
EET 143,Integrated Computer Technology III,4,"EE 107, EET 142"
EET 221,Electronic CAD,3, EET 113
EET 222,Electronics I,4, EET 113 
EET 223,Electronics II,4,"MATH 121, PHYS 211, EET 222"
EET 254,Microprocessors I,4, EET 113
EET 310,Programming Tools,4,MATH 180
EET 315,Programmable Instrumentation,3,EE 234 and EE 235 OR EET 254
EET 340,Programmable Hardware Technology,4,EE 234 and EE 235 or EET 254
EET 341,Electronic Shop Practices,2,EET 221
EET 355,Electrical Power Systems,4,"EET 114, MATH 127, PHYS 212"
EET 384,Microprocessors II,4,
EET 430,Computer Networking I,4,"MATH 180, EET 384"
EET 441,Embedded Systems,4,"MATH 180, EET 384"
EET 452,Operational Amplifier Applications,3,"MATH 127, EET 223"
EET 456,Analog Communications,4,EET 223
EET 461,Industrial Automation I,4,"EET 223, EET 384"
EET 462,Industrial Automation II,4, EET 461 
EET 497,Internship,1-6,
ELE 215,Introduction to Education and Instruction,4,
ELE 222W,Human Relations in a Multicultural Society,4,
ELE 410,Creating Anti-Racist Environments with Field Experience,4,Admission to Professional Education and the Elementary Education program.
ELE 411,Evidence-Based Literacy Instruction in the Early Grades,4,Admission into Professional Education and the Elementary Education program
ELE 412,"Social Studies: Human Diversity, Power, & Opportunity in Elementary School",4,Admission into Professional Education and the Elementary Education program
ELE 413,Understanding the needs of Individual Students ,4,Admission into Professional Education and the Elementary Education program
ELE 420,Planning & Assessment for Diverse Learners with Field Experience,4,Admission into Professional Education and the Elementary Education program
ELE 421,Integrating Critical Literacies to Promote Equity Across the Elem Curriculu,4,Admission into Professional Education and the Elementary Education program
ELE 422,Mathematics Teaching and Learning for the Diverse Elementary Classroom,4,Admission into Professional Education and the Elementary Education program
ELE 423,Science Teaching and Learning for the Diverse Elementary Classroom,4,Admission into Professional Education and the Elementary Education program
ELE 430W,Integrating Arts & Physical Health Across the Elementary Curriculum,4,
ELE 431,Integrating Inquiry across the Elementary Curriculum,4,Admission into Professional Education and the Elementary Education program
ELE 432,Field Experience: Integrating Methods in the Elementary Classroom,4,Admission into Professional Education and the Elementary Education program
ELE 433,Integrating Inclusive Practices to Promote Learners¿ Diverse Development,4,
ELE 436,Engineering for Elementary Teachers,2,
ELE 440,Student Teaching,12,Admission into Professional Education and the Elementary Education program
ELE 446,Educational Technology-STEM,2,
ELE 456,Special Topics: STEM for Elementary Teachers,1,
ELE 467,"Integrating Science, Technology, Engineering, and Math for Elem Teachers",2,
ELE 470,Field Experience in STEM,4,
ELE 536,Engineering for Elementary Teachers,2,
ELE 546,Educational Technology-STEM,2,
ELE 567,"Integrating Science, Technology, Engineering and Mathematics",2,
ELE 601,Evidence-based Literacy Instruction for Emergent and Beginning Readers,3,
ELE 602,Literacy Assessment and Intervention for Emergent and Beginning Readers,3,
ELE 603,Literacy Practicum,3,
ELE 604,Literacy Assessment and Interventions for Older Readers,3,
ELE 605,Equitable Practices for Teaching Elementary Mathematics,3,
ELE 607,Advanced Pedagogy for Literacy Instruction,3,
ELE 608,Literacy Research and Policies,3,
ELE 610,Scholarly Writing,3,
ELE 616,Teaching for Empowered Citizenship,3,
ELE 628,Teaching Writing in Elementary School,3,
ELE 630,Literacy for Culturally and Linguistically Diverse Learners,3,
ELE 635,Analysis of Research in Education,3,
ELE 644,Cultivating Equity through Formative Assessment in Elementary Mathematics,3,
ELE 646,Creating Inclusive Spaces for Learning Elementary Mathematics,3,
ELE 650,Integrating Technology into the Literacy Curriculum,3,
ELE 651,Literacy Methods for Elementary Teaching,3,
ELE 652,Math Methods for Elementary Teaching,3,
ELE 653,Methods for Inquiry in Elementary Teaching,3,
ELE 654,Creating Anti-Racist Environments for Elementary Learning with Field Experi,3,
ELE 662,Reading Foundations for Elementary Teaching,3,
ELE 663,Science & Health Foundations for Elementary Teaching,3,
ELE 664,Human Relations and Foundations of Elementary Social Studies Teaching,3,
ELE 665,Math Foundations for Elementary Teaching,3,
ELE 671,Student Teaching 1,3,
ELE 672,Planning and Assessment for the Diverse Elementary Classroom,3,
ELE 673,Research and Theory in Elementary Education,3,
ELE 681,Student Teaching 2,5,
ELE 682,Student Teaching Seminar Series,3,
ELE 694,Alternate Plan Paper,1-2,
ELE 695,Creative Projects,1-2,
ELE 699,Thesis,1-4,
ENG 101,Foundations of Writing & Rhetoric,4,
ENG 110,Introduction to Literature,4,
ENG 112W,Why Literature Matters,4, ENG 101 
ENG 125,International Children's Literature,4,
ENG 146,Introduction to Shakespeare,4,
ENG 211W,Literature and Human Diversity,4, ENG 101 
ENG 212W,World Literature,4, ENG 101 
ENG 213W,Literature and Ethics,4, ENG 101 
ENG 215,Topics in Literature,2-4,
ENG 271W,Technical Communication,4, ENG 101 
ENG 272W,Business Communication,4,
ENG 273W,Agricultural Communication,4,
ENG 275W,Introduction to Literary Studies,4, ENG 101 
ENG 285,Practical Grammar,2,
ENG 311W,Communities and Writing,4,
ENG 316,Topics in Literature,1-4,
ENG 317,Literature & the Environment,4,
ENG 318,Multicultural Literature,2-4,
ENG 319,Animals and Literature,4,
ENG 320,British Literature to 1785,4,
ENG 321,British Literature:  1785-Present,4,
ENG 322,Topics in British Literature,4,
ENG 323,Topics in US Literature,4,
ENG 325,Children's Literature,3,
ENG 327,American Literature to 1865,4,
ENG 328,American Literature: 1865 to the Present,4,
ENG 361,"Teaching English: Literature, Grades 5-12",4,
ENG 362,"Teaching English: Writing, Grades 5-12",4,
ENG 381,Introduction to English Linguistics,4,
ENG 385,Introduction to Sociolinguistics,4,
ENG 401,Topics in Writing Studies,4,
ENG 402W,Gender in Literature,4,
ENG 403W,Selected Authors,4,
ENG 407,Shakespeare,4,
ENG 410,21st Century Literature,1-4, ENG 275W
ENG 412W,Arab American Literature,4,
ENG 425,Topics in Children's Literature,2-4,
ENG 426,Selected Periods,2-4,
ENG 430,Independent Reading,, Consent 
ENG 433W,Selected Studies in World Literature,4,
ENG 435,The World Novel,2-4,
ENG 436W,Native American Literature,4,
ENG 437W,Latina/o Literature,2-4,
ENG 438W,African American Literature,4,
ENG 441,Literary Theory and Criticism,4, 6 semester credits in literature 
ENG 461,World Literature for Children and Young Adults,2-4,
ENG 463,Adolescent Literature,3,
ENG 464,Teaching Literature in the Middle School,3,
ENG 466,Usability,4, ENG 271W or ENG 272W
ENG 467,International Technical Communication,1-4,
ENG 469,Project Management in Technical Communication,4, ENG 271W
ENG 470,Independent Writing,, Consent 
ENG 471,Visual Technical Communication,4,
ENG 472,Topics in Technical Communication,1-4,
ENG 473,Desktop Publishing,4,
ENG 474W,Research and Writing Technical Reports,4, ENG 271W or ENG 272W 
ENG 475,Editing Technical Publications,4,
ENG 477W,"Technical Documentation,Policies, and Procedures",4,
ENG 478,Technical and Scientific Literature,4,
ENG 479,Rhetorical Theory Applied to Technical Documents,4,
ENG 480,Proposals,4,
ENG 481,History of the English Language,4,
ENG 482,Teaching Listening and Speaking to English Learners,4,
ENG 483,Writing About Health and Medicine,4,
ENG 484,Teaching Grammar and Vocabulary to English Learners,4,
ENG 486,Theories of Second Language Teaching and Learning,4,
ENG 487,Teaching Reading and Writing to English Learners,4,
ENG 489,"Policies, Programs, and Assessment for K-12 English Learners",4,
ENG 491,Teaching Language & Language Learners in the Inclusive Elementary Classroom,4,
ENG 492,Selected Topics,2-4,
ENG 494,English Workshop,1-6,
ENG 496,Senior Seminar in English Studies,4,
ENG 498,Internship,1-6,
ENG 499,Individual Study,, Consent 
ENG 501,Topics in Writing Studies,3,
ENG 503,Selected Authors,,
ENG 510,21st Century Literature,,
ENG 525,Topics in Children's Literature,2-4,
ENG 526,Selected Periods,2-4,
ENG 533,Selected Studies in World Literature,4,
ENG 535,The World Novel,2-4,
ENG 536,Native American Literature,,
ENG 537,Latina/o Literature,,
ENG 538,African American Literature,,
ENG 555,Advanced Writing Workshop,0-4,
ENG 556,Writing Center Theory and Pedagogy,4,
ENG 561,World Literature for Children and Young Adults,2-4,
ENG 563,Adolescent Literature,3,
ENG 564,Teaching Literature in Middle School,3,
ENG 566,Usability,3,
ENG 567,International Technical Communication,1-4,
ENG 569,Project Management in Technical Communication,3,
ENG 571,Visual Technical Communication,3,
ENG 572,Topics in Technical Communication,1-4,
ENG 575,Editing Technical Publications,3,
ENG 577,"Technical Documentation, Policies, & Procedures",3,
ENG 582,Teaching Listening and Speaking to English Learners,3,
ENG 583,Writing About Health and Medicine,3,
ENG 584,Teaching Grammar and Vocabulary to English Learners,3,
ENG 586,Theories of Second Language Teaching and Learning,3,
ENG 587,Teaching Reading and Writing to English Learners,3,
ENG 589,"Policies, Programs, and Assessment for K-12 English Learners",3,
ENG 592,Selected Topics,,
ENG 594,English Workshop,,
ENG 603,Sem: Selected Authors,3,
ENG 605,Sem: Shakespeare,3,
ENG 606,British Literary History and Criticism,3,
ENG 607,American Literary History and Criticism,3,
ENG 608,Sem: British Literature to 1800,3,
ENG 609,Sem: British Literature after 1800,3,
ENG 610,Sem: American Literature to 1865,3,
ENG 611,Sem: American Literature after 1865,3,
ENG 612,Seminar: Gender in Literature,3,
ENG 618,Seminar: Multicultural American Literature,3,
ENG 622,Workshop for Composition Teaching Assistants,3,
ENG 623,Workshop for Second Language Writing Teaching Assistants,3,
ENG 624,TESOL Practical Experience,3,
ENG 625,Seminar: Composition Theory,3,
ENG 627,Research Methods in TESOL/Applied Linguistics,3,
ENG 628,Second Language Writing,3,
ENG 629,Second Language Literacy,3,
ENG 633,Second Language Acquisition,3,
ENG 634,Topics in TESOL/Applied Linguistics,3,
ENG 635,Sem: World Literature,3,
ENG 646,Contemporary Prose,3,
ENG 647,Contemporary Poetry,3,
ENG 651,Introduction to Graduate Research,3,
ENG 654,Teaching College-Level Literature,3,
ENG 655,Topics in Teaching Writing,3,
ENG 656,Teacher Research in the Writing Classroom,3,
ENG 657,Teaching Writing with Literature,3,
ENG 661,Topics in Children's & Young Adult Literature,2-3,
ENG 662,Topics in English Education,,
ENG 665,Foundations of Technical Communication,3,
ENG 667,Content Strategy,3,
ENG 670,Independent Writing,,
ENG 671,Seminar: Literary Theory and Criticism,3,
ENG 673,Research Methods for the Technical Communicator,3,
ENG 674,Topics in Technical Communication,1-3,
ENG 675,Technical Communication for STEM Professionals ,3,
ENG 676,Instructional Design for Technical Communicators,3,
ENG 677,Individual Study,1-4,
ENG 678,Technical & Scientific Prose,3,
ENG 679,Rhetorical Theory Applied to Technical Documents,3,
ENG 680,Proposals,1-3,
ENG 681,User Experience,3,
ENG 686,Second Language Assessment,3,
ENG 688,Portfolio,1-4,
ENG 689,Sociolinguistics and Pragmatics,3,
ENG 694,Alternate Plan Paper,1-2,
ENG 696,Capstone Course in Technical Communication,3,
ENG 697,Oral Defense,1-4,
ENG 698,Internship,1-6,
ENG 699,Thesis,1-4,
ENGR 110,Introduction to Project-based Engineering,3,
ENGR 240,Linear Circuit Analysis and Design,3,"MATH 122, PHYS 222"
ENGR 241,Linear Circuit Analysis and Design Laboratory,1,ENGR 240
ENGR 299,Bridge to Project-based Engineering,3, Admission to Integrated Engineering major or consent. 
ENGR 300,Introduction to Engineering Design for Non-Majors,4,Students must be admitted to the Department of Integrated Engineering minor or certificate programs.
ENGR 301,Design I,3,
ENGR 302,Design II,3, ENGR 301
ENGR 311W,Professionalism I,3,
ENGR 312W,Professionalism II,3, ENGR 311W
ENGR 321,Engineering Core: Statistics,1,"Admission to major, minor or certificate programs."
ENGR 322,Engineering Core: Programming/Modeling,1,"Admission to major, minor or certificate programs."
ENGR 331,Mechanical Core: Dynamic Systems,1,Admission to program.
ENGR 332,Mechanical Core: Fluid Mechanics,1,Admission to program.
ENGR 333,Mechanical Core: Manufacturing Processes,1,Admission to program.
ENGR 334,Mechanical Core: Material Science,1,Admission to program.
ENGR 335,Mechanical Core: Mechanics of Materials,1,Admission to program.
ENGR 336,Mechanical Core: Thermodynamics,1,Admission to program.
ENGR 341,Electrical Core: AC Circuits,1,Admission to program.
ENGR 342,Electrical Core: Control Theory,1,Admission to program.
ENGR 343,Electrical Core: Digital Logic,1,Admission to program.
ENGR 344,Electrical Core: Electronics,1,Admission to program.
ENGR 345,Electrical Core: Instrumentation,1,Admission to program.
ENGR 346,"Electrical Core: Motors, Generators & Transformers",1,Admission to program.
ENGR 350,Elective Technical Competency,,"Admission to major, minor or certificate programs."
ENGR 351,Elective Technical Competency in Electrical Engineering,,"Admission to major, minor or certificate programs."
ENGR 352,Elective Technical Competency in Mechanical Engineering,,"Admission to major, minor or certificate programs."
ENGR 353,Elective Technical Competency in Systems Engineering,,"Admission to major, minor or certificate programs."
ENGR 354,Elective Technical Competency in Programming,,"Admission to major, minor or certificate programs."
ENGR 355,Elective Technical Competency in Modern Engineering Tools,,"Prerequisites: Admission to major, minor or certificate programs."
ENGR 401,Capstone Design I,3," ENGR 302, ENGR 312W. At least 14 credits earned in technical competencies. "
ENGR 402,Capstone Design II,3," ENGR 401, ENGR 411W. At least 22 credits earned in technical competencies."
ENGR 411W,Professionalism III,3, ENGR 312W
ENGR 412W,Professionalism IV,3," ENGR 401, ENGR 411W"
ENGR 421,Advanced Engineering Core: Engineering Economics,1,"Admission to major, minor or certificate programs."
ENGR 422,Advanced Engineering Core: Entrepreneurship,1,"Admission to major, minor or certificate programs."
ENGR 431,Mechanical Advanced Competency: Heat Transfer,1,"Admission to major, minor or certificate programs."
ENGR 432,Mechanical Advanced Competency: Structural Analysis,1,"Admission to major, minor or certificate programs."
ENGR 441,Advanced Electrical Core: Electricity & Magnetism,1,"Admission to major, minor or certificate programs."
ENGR 442,Electrical Advanced Competency: Signals & Systems,1,"Admission to major, minor or certificate programs."
ENGR 450,Advanced Technical Competency,,"Admission to major, minor or certificate programs and faculty approval for study that extends a core topic area."
ENGR 451,Advanced Technical Competency in Electrical Engr,,"Admission to major, minor or certificate programs and faculty approval for study that extends a core topic area."
ENGR 452,Advanced Technical Competency in Mechanical Engr,,"Admission to major, minor or certificate programs and faculty approval for study that extends a core topic area."
ENGR 453,Advanced Technical Competency in Biomedical Engr,,"Admission to major, minor or certificate programs and faculty approval for study that extends a core topic area."
ENGR 454,Advanced Technical Competency in Chemical Engr,,"Admission to major, minor or certificate programs and faculty approval for study that extends a core topic area."
ENGR 455,Advanced Technical Competency in Computer Engr,,
ENGR 456,Advanced Technical Competency in Engineering Management,,"Admission to major, minor or certificate programs and faculty approval for study that extends a core topic area."
ENGR 457,Advanced Technical Competency in Environmental Engr,,"Admission to major, minor or certificate programs and faculty approval for study that extends a core topic area."
ENGR 458,Advanced Technical Competency in Industrial Engr,,"Admission to major, minor or certificate programs and faculty approval for study that extends a core topic area."
ENGR 459,Advanced Technical Competency in Manufacturing Engr,,"Admission to major, minor or certificate programs and faculty approval for study that extends a core topic area."
ENGR 460,Advanced Technical Competency in Materials Science and Engineering,,"Admission to major, minor or certificate programs and faculty approval for study that extends a core topic area."
ENGR 461,Advanced Technical Competency in Process Engr,,"Admission to major, minor or certificate programs and faculty approval for study that extends a core topic area."
ENGR 462,Advanced Technical Competency in Systems Engr,,"Admission to major, minor or certificate programs and faculty approval for study that extends a core topic area."
ENGR 463,Advanced Technical Competency in Transportation Engr,,"Admission to major, minor or certificate programs and faculty approval for study that extends a core topic area."
ENGR 475,Advanced Technical Competency in Combustion,,"Admission to major, minor or certificate programs and faculty approval for study that extends a core topic area."
ENGR 476,Advanced Technical Competency in Entrepreneurship,,"In-depth, advanced study of an engineering area related to an engineering project or foundation topic in the focus area of Entrepreneurship. Students will do in-depth learning of some aspect of content area. Coursework may be tied to project work."
ENGR 477,Advanced Technical Competency in Leadership,,"Admission to major, minor or certificate programs and faculty approval for study that extends a core topic area."
ENGR 478,Advanced Technical Competency in Renewable Energy,,"Admission to major, minor or certificate programs and faculty approval for study that extends a core topic area."
ENGR 479,Advanced Technical Competency in Structural Analysis,,"Admission to major, minor or certificate programs and faculty approval for study that extends a core topic area."
ENGR 492,Seminar,1,
ENGR 498,Senior Thesis,3, Senior standing in program and at least 14 credits earned in technical competencies
ENVR 101,Perspectives in Environmental Science,4,
ENVR 440,Environmental Regulations,3,
ENVR 450,Environmental Pollution & Control,3, 1 year CHEM 
ENVR 460,Analysis of Pollutants,4,
ENVR 470,Environmental Assessment,3, ENVR 440
ENVR 480,Senior Research,1-6,
ENVR 498,Internship,1-6,
ENVR 499,Individual Study,1-6,
ENVR 540,Environmental Regulations,3,
ENVR 550,Environmental Pollution & Control,3,
ENVR 560,Analysis of Pollutants,4,
ENVR 570,Environmental Assessment,3,
ENVR 619,Selected Topics in Environmental Science,2-3,
ENVR 699,Thesis,1-6,
ETHN 100,American Racial Minorities,3,
ETHN 101,Introduction to Multicultural & Ethnic Studies,3,
ETHN 150,Multi-Cultural/Ethnic Experience,3,
ETHN 200,Interracial/Interethnic Dating/Marriage,3,
ETHN 201W,Perspectives on African Americans,3,
ETHN 203W,Perspectives on Asian Americans,3,
ETHN 204W,Perspectives on Latinos/Hispanics,3,
ETHN 220W,Civil Rights in the U.S.,3,
ETHN 295,Selected Topics,1-4,
ETHN 296,Workshop,1-3,
ETHN 299,Individual Study,1-3, Two other ETHN courses. 
ETHN 310,Environmental Racism,3,
ETHN 330,Immigration and Ethnicity,3,
ETHN 380,Perspectives on Multiracial Identities in the United States,3,
ETHN 400,Cultural Pluralism,3,
ETHN 401,Applied Cultural Research,3," ANTH 101, ANTH 230 or consent; ETHN 100, ETHN 101 or ETHN 150 or consent "
ETHN 402W,Ethnic Research Methods/Skills,3," ETHN 100 or ETHN 101 or ETHN 150, or Consent "
ETHN 405,Perspectives on New Immigrants,3,
ETHN 410,Foundations of Oppression,3, ETHN 100 or ATHN 400 
ETHN 420,African American Studies,3, ETHN 110 or ETHN 400 or consent 
ETHN 440,Asian American Studies,3," ETHN 400, or consent "
ETHN 450,Latino/Hispanic Studies,3," ETHN 400, or consent "
ETHN 460,Urban Minority Problems,3,
ETHN 470,Women of Color,3," ETHN 400, or consent "
ETHN 482,African American Civil Rights Movement,3,
ETHN 486,Racial and Ethnic Politics,3,
ETHN 490,Racial/Ethnic Families in the U.S.,3," ETHN 400, or consent "
ETHN 495,Selected Topics,3, ETHN major 
ETHN 496,Workshop,1-3,
ETHN 497,Internship,1-10, ETHN major or minor 
ETHN 498,College Teaching Internship,1-6,
ETHN 499,Individual Study,1-3, 2 ETHN courses at 300/400 level 
ETHN 500,Cultural Pluralism,3,
ETHN 501,Applied Cultural Research,3,
ETHN 502,Ethnic Research Methods/Skills,3,
ETHN 505,Perspectives on New Immigrants,3,
ETHN 510,Foundations of Oppression,3,
ETHN 520,African American Studies,3,
ETHN 540,Asian American Studies,3,
ETHN 550,Latino/Hispanic Studies,3,
ETHN 560,Urban Minority Problems,3,
ETHN 570,Women of Color,3,
ETHN 582,African American Civil Rights Movement,3,
ETHN 586,Racial and Ethnic Politics,3,
ETHN 590,Racial/Ethnic Families in the U.S.,3,
ETHN 595,Selected Topics,3,
ETHN 603,Seminar in Ethnic/Cross-Cultural Studies,3,
ETHN 610,Seminar on Foundations of Oppression,3,
ETHN 640,Seminar on Environmental Justice,3,
ETHN 650,Helping Across Cultures,3,
ETHN 660,Cross-Cultural Training and Diversity Management,3,
ETHN 677,Individual Study,1-3,
ETHN 695,Ethnic-Race Implications,3,
ETHN 697,Internship,1-10,
ETHN 698,Alternate Plan Paper,1-2,
ETHN 699,Thesis,1-3,
FCS 100,Personal & Family Living,3,
FCS 101,Introduction to Family Consumer Science,3,
FCS 120,Clothing and People,3,
FCS 140,Introduction to Nutrition,3,
FCS 150,Cooking and Culture,3,
FCS 202,Introduction to Child Life Specialist,3,
FCS 203,End of Life Care,3,
FCS 242,Nutrition for Healthcare Professionals,3,Select One Course: CHEM 106 or CHEM 111
FCS 260,"Child Health, Safety, and Nutrition",3,
FCS 270,Family Housing,3,
FCS 275,Consumers in the Economy,3,
FCS 280,Food Systems and Policy,3,
FCS 284,Career and Technical Education,3,
FCS 301,Lifespan Development,3,
FCS 303,Working With Families,3,
FCS 331,Clothing Construction and Textiles,3,
FCS 340,Food Science,4, FCS 150
FCS 360,Romantic Relationships,3,
FCS 375,Foodservice Management Principles,3,
FCS 376,Quantity Food Production,4,"FCS 340, FCS 375"
FCS 380,Nutrition Focused Assessment,3,FCS 242
FCS 400,Culturally Diverse Family Systems,3,
FCS 401,Family Life Development,3,
FCS 402,Play and Child Development,3,
FCS 403,Parents and Peers and Adolescent Development,3,
FCS 414W,Family Policy and Ethics,3,
FCS 440,Advanced Human Nutrition,3,"CHEM 111, FCS 242"
FCS 460,Foundations of Medical Nutrition Therapy,3,"HLTH 321, FCS 380, FCS 440"
FCS 462,Advanced Medical Nutrition Therapy,3,FCS 460 or FCS 560
FCS 463,Nutrient Metabolism and Genetics,2,FCS 460 or FCS 560
FCS 473,Consumer Protection,3,
FCS 474,Community Resources and Family Support,3,
FCS 476,Nutrition Across the Lifecycle,3,FCS 242
FCS 478,Family Finance,3,
FCS 479,FCS Research,1-6,
FCS 480W,Applied Food Science,3,"FCS 340, ServSafe Certified"
FCS 482,Family Life Education,3,
FCS 483,Adult and Technical Education in Family Consumer Science,3,
FCS 484,Program Development in Family Consumer Science,3,
FCS 488,Parenting Education,3,
FCS 494,Family Life Education Practicum,1-3,
FCS 496,Selected Topics: CDFS,2-3,
FCS 497,Internship,1-6, Consent 
FCS 499,Individual Study,1-6,
FCS 514,Family Policy and Ethics,3,
FCS 535,"Family, Global, and Cultural Aspects of Food & Nutrition",3,
FCS 538,Design Function & Aesthetics in FCS,3,
FCS 560,Foundations of Medical Nutrition Therapy,3,
FCS 562,Advanced Medical Nutrition Therapy,3,FCS 560
FCS 574,Community Resources and Family Support,3,
FCS 580,Consumer Economics,3,
FCS 584,Career and Technical Education,3,
FCS 588,Parenting Education,3,
FCS 593,Supervised Experiential Learning I,1-6,
FCS 601,Community and Behavioral Health Nutrition,3,
FCS 610,Research and Evidence in Nutrition,3,
FCS 620,Dynamics and Diversity of Families,3,
FCS 630,Dietetics Graduate Seminar,1,
FCS 631,Nutrition Education and Counseling,2,
FCS 632,RDN Exam Prep,1,
FCS 640,Nutritional Supplements and Pharmacology,2,
FCS 681,Family Consumer Science Curriculum,3,
FCS 688,Experiential Learning in Family Consumer Science,1,
FCS 693,Supervised Experiential Learning II,1-10,
FCS 694,Alternate Plan Paper,1-2,
FILM 114,Introduction to Film,4,
FILM 210W,Film Genres,4,
FILM 214,Topics in Film Studies,1-4                                     ,
FILM 216W,Writing About Film,4,
FILM 217,Introduction to Film Production,4,
FILM 275,Independent Cinema,4,
FILM 317,Advanced Film Production,4, FILM 217 or permission of instructor
FILM 334,International Cinema,4,
FILM 334W,International Cinema,4,
FILM 342,Film Performance Analysis,4,
FILM 402,Film History I (1895-1960),4,
FILM 412,Film History II (1961-Present),4,
FILM 416,Film Theory and Criticism,4,FILM 402 or FILM 412
FILM 472,Film Authorship,4,
FILM 493,Advanced Topics in Film Studies,1-4                                     ,
FILM 498,Internship,1-6, Consent of instructor
FILM 499,Individual Study,1-4, Consent of instructor
FILM 516,Film Theory & Criticism,4,
FINA 362,Business Finance,3,ACCT 200
FINA 372,Special Topics in Finance,3,
FINA 375,Business Analytics,3,"ECON 207, STAT 154"
FINA 400,Financial Analysis Using Excel,3,FINA 362
FINA 458,Estate Planning,3, FINA 100 or FINA 362 
FINA 459,Personal Financial Planning,3,"ACT 330, FINA 458, FINA 460, FINA 470. Select FINA 100 or FINA 362."
FINA 460,Investments,3, FINA 362 
FINA 461,Advanced Corporate Finance,3, FINA 362 
FINA 462,Strategic Financial Management,3, FINA 362 
FINA 463,Equity Valuation,3, FINA 362 and FINA 460 
FINA 464,Financial Institutions and Markets,3, FINA 362 
FINA 466,Retirement Planning,3,FINA 100 or FINA 362
FINA 467,Insurance and Risk Management,3,
FINA 470,Personal Insurance,3,
FINA 475,Business Analytics II ,3,FINA 375
FINA 480,Options and Futures,3, FINA 362 
FINA 482,Risk Management for Financial Institutions,3,FINA 362
FINA 490,Debt Markets,3,FINA 362
FINA 493,Maverick Fund,3,FINA 362 and FINA 460
FINA 498,Internship,3, Permission Required
FREN 101,Elementary French I,5,
FREN 102,Elementary French II,5, FREN 101 or equivalent 
FREN 201,Intermediate French I,4, One year university French or equivalent 
FREN 202,Intermediate French II,4, FREN 201 or equivalent 
FREN 214,Paris et L'lle de France,1-3," FREN 101, FREN 102, or equivalent "
FREN 216,Conversation,1-4," FREN 101, FREN 102, or equivalent "
FREN 217,Modern France,1-3," FREN 101, FREN 102, or equivalent "
FREN 218,On Y Va,1,
FREN 261,Conversation & Pronunciation,1-3," FREN 201, FREN 202, or equivalent "
FREN 280W,Parallel Worlds: Exploring Cultures & Symbols,4,
FREN 293,Supervised Study in French-Speaking Countries,1-6," FREN 101, FREN 102, or equivalent "
FREN 299,Individual Study,1-4,
FREN 301,Third Year Vocabulary Review,3," FREN 201, FREN 202, or equivalent "
FREN 302W,Composition,2-4," FREN 201, FREN 202, or equivalent "
FREN 304,Third Year Grammar Review,3," FREN 201, FREN 202, or equivalent "
FREN 305,France Today,1-4," FREN 201, FREN 202, or equivalent "
FREN 314,Paris et L'lle de France,1-3," FREN 201, FREN 202, or equivalent "
FREN 315,Composition,1-3," FREN 201, FREN 202, or equivalent "
FREN 316,Conversation,1-4," FREN 201, FREN 202, or equivalent "
FREN 317,Modern France,1-3," FREN 201, FREN 202, or equivalent "
FREN 318,Introduction to Business French,1-4," FREN 201, FREN 202, or equivalent "
FREN 322,Listening Comprehension and Pronunciation,1-3," FREN 201, FREN 202, or equivalent "
FREN 323,French Phonetics & Applied Linguistics,2-4," FREN 201, FREN 202, or equivalent "
FREN 350,Introduction to French Literature,3," FREN 201, FREN 202, or equivalent "
FREN 366,Oral Communication,1-6," FREN 201, FREN 202, or equivalent "
FREN 393,Supervised Study in French-Speaking Countries,1-6," FREN 201, FREN 202, or equivalent"
FREN 402,French Civilization,3-4," FREN 201, FREN 202, or equivalent "
FREN 404,French Syntax,2-4," FREN 201, FREN 202, or equivalent "
FREN 405,Business French I,2-4," FREN 201, FREN 202, or equivalent "
FREN 406,Business French II,2-4," FREN 201, FREN 202, or equivalent "
FREN 414,Paris et L'lle de France,1-3," FREN 201, FREN 202, or equivalent"
FREN 416,Conversation,1-4," FREN 201, FREN 202, or equivalent "
FREN 417,Modern France,1-3," FREN 201, FREN 202, or equivalent "
FREN 420,French Seminar,1-4," FREN 201, FREN 202, or equivalent "
FREN 432,French Literature I,1-4," FREN 201, FREN 202, or equivalent "
FREN 442,French Literature II,1-4," FREN 201, FREN 202, or equivalent "
FREN 452,French Literature III,1-4," FREN 201, FREN 202, or equivalent "
FREN 492,Individual Study,1-4,"FREN 201, FREN 202, or equivalent"
FREN 494,Supervised French Study,1-6," FREN 201, FREN 202, or equivalent "
FREN 497,Internship,1-6," FREN 201, FREN 202, or equivalent "
FREN 499,Individual Study,1-4," FREN 201, FREN 202, or equivalent "
FREN 502,French Civilization,,
FREN 504,French Syntax,,
FREN 505,Business French I,,
FREN 506,Business French II,,
FREN 515,Composition,,
FREN 516,Conversation,,
FREN 517,Modern France,,
FREN 520,French Seminar,,
FREN 532,French Literature I,,
FREN 542,French Literature II,,
FREN 552,French Literature III,,
FREN 594,Supervised Study in French-Speaking Countries,,
FREN 597,Internship,,
FREN 614,Paris Et L'Ile De France,,
FREN 660,Research Methods: French,2,
FREN 677,Individual Study,,
FREN 680,Topics in French Literature,,
FREN 681,Topics in French Culture & Civilization,,
FREN 682,Topics in French Language Study,,
FREN 693,Supervised Study in a French-Speaking Country,,
FREN 694,Alternate Plan Paper,1,
FREN 697,Internship: Community College Option,,
FREN 699,Thesis,3-6,
GEOG 100,Elements of Geography,3,
GEOG 101,Introductory Physical Geography,4,
GEOG 102,World Regional Geography,3,
GEOG 103,Introductory Cultural Geography,3,
GEOG 105,Introduction to Geospatial Technologies,3,
GEOG 205,Precision Agriculture,3,
GEOG 210W,Landscapes and Places,3,
GEOG 217,Weather,4,
GEOG 299,Individual Study,, Consent 
GEOG 313,Natural Disasters,4,
GEOG 315,Geomorphology,4,
GEOG 340,United States,3,
GEOG 341,World Regional Geography,3,
GEOG 342,Geography of Minnesota,3,
GEOG 352,GIS for Crime Analysis,3,
GEOG 370,Cartographic Techniques,4,
GEOG 373,Introduction to Geography Information Systems,4,
GEOG 401,Colloquium,1,
GEOG 409,Selected Topics,1-4,
GEOG 410,Climatic Environments,3,
GEOG 411,Soils Geomorphology,4,
GEOG 412,Advanced Weather,4, GEOG 217 
GEOG 413,Soil Conservation,4,
GEOG 414,Biogeography,3,
GEOG 415,Earth Surface Processes,4,
GEOG 416W,Fluvial Geomorphology and Hydrology,4,Either Geog 101 or Geol 121 and Geog 315 or 415 are recommended. Or instructor consent.
GEOG 417,Quaternary Environments and Climatic Change,4,Either GEOG 101 or ANTH 210; We strongly encourage students to take GEOG 315 before enrolling. Geol 121 can be substituted for GEOG 101 with instructor permission.
GEOG 420,Conservation of Natural Resources,3,
GEOG 425,Economic Geography,3,
GEOG 428,Human Migration,3,
GEOG 435,Urban Geography,3,
GEOG 436,Rural Geography,3,
GEOG 437,Political Geography,3,
GEOG 438,Social Geography,3,
GEOG 439,Transportation Modeling & GIS,4,
GEOG 440,Field Studies,1-4,
GEOG 445,Latin America,3,
GEOG 446,Canada,3,
GEOG 450,Europe,3,
GEOG 458,Geography of East Asia,3,
GEOG 471,Digital Field Mapping with GPS,4, GEOG 373 or equivalent 
GEOG 473,Intermediate GIS,4, GEOG 373 
GEOG 474,Introduction to Remote Sensing,4,
GEOG 475,Open-Source GIS,4," GEOG 373, GEOG 474"
GEOG 476,Spatial Statistics,3,
GEOG 477,Topics in Techniques,, Consent 
GEOG 478,Spatial Analysis with GIS,3,
GEOG 479,GIS Practicum,1-4,"Prerequisite: GEOG 373, or 473/573, or permission of instructor."
GEOG 480,Seminar,1-4,
GEOG 481,GIS and Environmental Hazards,3,GEOG 373
GEOG 482,GIS for Natural Resources,4,GEOG 373
GEOG 483,Cloud Mapping & Visualization,4,GEOG 373
GEOG 484,Web GIS,4,
GEOG 485,GIS Programming,4,
GEOG 491,Senior Paper,1-4,
GEOG 497,Internship,1-10, Consent 
GEOG 499,Individual Study,1-3, Consent 
GEOG 539,Transportation Modeling & GIS,4,
GEOG 571,Digital Field Mapping with GPS,4,
GEOG 573,Intermediate GIS,4,
GEOG 574,Introduction to Remote Sensing,4,
GEOG 575,Open-Source GIS,4,
GEOG 576,Spatial Statistics,3,
GEOG 577,Topics in Techniques,1-3,
GEOG 578,Spatial Analysis with GIS,3,
GEOG 579,GIS Practicum,1-4,
GEOG 580,Seminar,1-4,
GEOG 581,GIS and Environmental Hazards,3,GEOG 373 and GEOG 673
GEOG 582,GIS for Natural Resources,4,
GEOG 583,Cloud Mapping & Visualization,4,
GEOG 584,Web GIS,4,
GEOG 585,GIS Programming,4,
GEOG 610,Issues in Physical Geography,1-4,
GEOG 620,Issues in Cultural Geography,1-4,
GEOG 650,Issues in Regional Geography,1-4,
GEOG 670,Seminar in GIS,3,
GEOG 671,Geodatabase,3,
GEOG 672,Geospatial Modeling & Simulation,3,
GEOG 673,Advanced GIS,3,
GEOG 674,Advanced Remote Sensing,3,
GEOG 677,Individual Study,1-4,
GEOG 678,Geographic Research & Writing,3,
GEOG 679,GIS Practicum,3,
GEOG 680,Philosophy of Geography,3,
GEOG 681,Environmental Issues,3,
GEOG 694,Alternate Plan Paper,1-2,
GEOG 698,Internship,1-6,
GEOG 699,Thesis,1-6,
GEOL 100,Our Geologic Environment,3-4,
GEOL 104,Introduction to Soil Science,4,
GEOL 107,Environmental Justice in Geoscience,4,
GEOL 121,Physical Geology,4,
GEOL 122,Earth History,4,
GEOL 201,Elements of Mineralogy,4,GEOL 100 or GEOL 107 or GEOL 121
GEOL 291,Introduction to Water and Soil Analysis,2,
GEOL 302,Petrology,4, GEOL 201
GEOL 310,Earth and Space Systems,3," AST 101, CHEM 201, GEOL 121 "
GEOL 320W,Sedimentology and Stratigraphy,4,"Select one course: GEOL 100, GEOL 107, GEOL 121"
GEOL 330,Structural Geology,4,GEOL 100 or GEOL 107	or GEOL 121
GEOL 401,Field Studies,1-3, GEOL 100 or GEOL 121 and GEOL 122 
GEOL 410,Glacial Geology,3,GEOL 100 or GEOL 107	or GEOL 121
GEOL 430,Intro to Geophysics and Seismology,3,"GEOL 121, GEOL 201, GEOL 122"
GEOL 440,Geology Field Camp,4-8," GEOL 121, GEOL 122, GEOL 201, GEOL 320W, GEOL 330"
GEOL 449,Applied Soil Science and Surface Hydrology,4,GEOL 100 GEOL 104 or GEOL 107 or GEOL 121
GEOL 450,Hydrogeology,3,GEOL 100 or GEOL 107	or GEOL 121
GEOL 460,Soil Biogeochemistry,3,"GEOL 104, and CHEM 191 or CHEM 201"
GEOL 495,Seminar,2,GEOL 201
GEOL 497,Internship,1-10,
GEOL 499,Individual Study,1-5,
GER 101,Elementary German I,4,
GER 102,Elementary German II,4, GER 101 or equivalent 
GER 150W,The German-Speaking Countries: An Interdisciplinary Introduction,4,
GER 201,Intermediate German I,4, GER 102 or equivalent 
GER 202,Intermediate German II,4, GER 201 or equivalent 
GER 280W,Parallel Worlds: Exploring Cultures & Symbols,4,
GER 293,Supervised Study Abroad: Intermediate,1-4,
GER 299,Individual Study,1-4, as appropriate for level of project 
GER 340,(German) Topics in Language,1-4, Two years of university level German or equivalent. 
GER 341,(German) Composition and Conversation,4, completion of GER 202 or equivalent. 
GER 342,Selected Readings,1-4, Completion of GER 202 or equivalent 
GER 343,German Civilization,1-4, Completion of GER 202 or equivalent 
GER 393,Supervised Study Abroad,1-6, Intermediate Sequence 
GER 441,Conversation and Composition,4, Completion of at least one 300 level course in German. 
GER 442,German Literature,1-4, Completion of readings GER 302 or equivalent
GER 443,Topics in German Studies,1-4,
GER 445,Topics in German Linguistics,1-4, Completion of a least one 300 level German course. 
GER 460,Topics in German Cinema,4,
GER 490,Senior Capstone Project,1-4," GER 340, GER 341, GER 342, GER 343, GER 441. Student has to be admitted as a German major or minor and of senior standing."
GER 493,Supervised Study Abroad: Advanced,1-6, Experience appropriate for level of credit 
GER 497,Internship,1-6, Experience appropriate to project 
GER 499,Individual Study,1-4, As appropriate for level of project 
GERO 200,Family Dynamics of Aging,3,
GERO 485,Topics in Gerontology,1-3,
GERO 499,Individual Study in Gerontology,1-4,
GERO 550,Innovations in Aging Policy,3,
GERO 580,Long-Term Care Administration,3,
GERO 585,Topics in Gerontology,1-3,
GERO 600,Gerontology Theory and Practice,3,
GERO 601,Current Health Issues in Aging,3,
GERO 603,Transformational Leadership in Aging,3,
GERO 677,Individual Study,1-4,
GERO 694,Alternate Plan Paper,1-2,
GERO 697,Internship,1-6,
GERO 699,Thesis,1-3,
GWS 110,Introduction to Gender,4,
GWS 110W,Introduction to Gender,4,
GWS 120,Violence and Gender,4,
GWS 120W,Violence and Gender,4,
GWS 220,Sex and Gender Worldwide,4,
GWS 220W,Sex and Gender Worldwide,4,
GWS 222,"Gender, Law, & Justice",4,
GWS 225,Queer America,4,
GWS 225W,Queer America,4,
GWS 230,"Gender, Race, and Popular Culture",4,
GWS 250,"Health, Wealth, and Power",4,
GWS 260,Selected Topics,,
GWS 277,Individual Study,, Women’s Studies major/minor 
GWS 290,Workshop,,
GWS 310,Feminist Thought,4,
GWS 330,Feminist Activism and Social Justice,4,
GWS 340,Undergraduate Seminar,4, GWS 110 or GWS 220 or consent 
GWS 411, Sexual Assault Victim Advocacy,4,
GWS 420,Identity Work in Women's Reentry Experiences,4,
GWS 440,Cultivating Inclusive Classrooms,4,
GWS 455,Sexuality & Queer Identities,4,
GWS 460,Selected Topics,,
GWS 477,Individual Study,, Must be department major/minor 
GWS 490,Workshop,,
GWS 497,Internship: Teaching,1-6                                     , GWS 110 or GWS 220 and consent. 
GWS 498,Internship: Community,1-6,
GWS 511,Sexual Assault Victim Advocacy,3,
GWS 540,Cultivating Inclusive Classrooms,3,
GWS 555,Sexuality & Queer Identities,3,
GWS 560,Selected Topics,1-4,
GWS 600,Collective Action,3,
GWS 610,Graduate Seminar,3,
GWS 620,Feminist Research,3,
GWS 630,Transnational Feminism,3,
GWS 640,Feminist Theories,3,
GWS 694,Alternate Plan Paper,1-2,
GWS 697,Teaching Internship,1-6,
GWS 698,Community Internship,1-6,
GWS 699,Thesis,3-6,
HIST 155,History of the Family in America,3,
HIST 170,Ancient World Civilization to 1500,4,
HIST 170W,Ancient World Civilization to 1500,4,
HIST 171,"World Civilization, 1500-Present",4,
HIST 171W,"World Civilization, 1500-Present",4,
HIST 180,European History to 1648,4,
HIST 180W,European History to 1648,4,
HIST 181,European History: 1648 to the Present,4,
HIST 181W,European History: 1648 to the Present,4,
HIST 190,United States to 1877,4,
HIST 190W,United States to 1877,4,
HIST 191,United States Since 1877,4,
HIST 191W,United States Since 1877,4,
HIST 232,Islamic Civilizations,4,
HIST 235,World War II and the Holocaust,4,
HIST 244,A History of Taboos and Transgressions,4,
HIST 246W,Sports and Games in History,4,
HIST 250,Riot and Revolution in History,4,
HIST 260,Introduction to Traditional East Asian Civilization,4,
HIST 260W,Introduction to Traditional East Asian Civilization,4,
HIST 268,History and American Democracy,4,
HIST 280,History in Black and White,4,
HIST 300,Study Abroad/Study Away Historical Tour,,
HIST 302,World History: An Overview,4,
HIST 368,U.S. Constitutional History,4,
HIST 369,Sex in American History,4,
HIST 390,Readings for Honors: United States History,1,Permission of instructor.
HIST 391,Reading for Honors: European History,1,Permission of instructor.
HIST 392,Reading for Honors: World History,1,Permission of instructor.
HIST 401,Classical World of Greece & Rome,4,
HIST 402,"Foundations of Judaism, Christianity, & Islam",4,
HIST 403,The Middle Ages,4,
HIST 406,Renaissance and Reformation Europe,4,
HIST 407,The Age of Absolutism and Enlightenment,4,
HIST 408,Women and Gender in European History,4,
HIST 410,The Witch Hunts in European History,4,
HIST 414,Early England to 1603,4,
HIST 415,England since 1603,4,
HIST 419,France since the Revolution in 1789,4,
HIST 424,Scandinavian History,4,
HIST 430,United States: Selected Topics,1-4,
HIST 431,European History: Selected Topics,1-4,
HIST 432,World History: Selected Topics,1-4,
HIST 434,East Asian History: 1800-1945,4,
HIST 435,East Asian History: 1945 - The Present,4,
HIST 436,History of East Asian Relations with the United States,4,
HIST 437,African History to 1800,4,
HIST 438,Modern Africa,4,
HIST 441, Colonial Latin America,4,
HIST 442,Modern Latin America,4,
HIST 443,"The Maya, Aztecs, and Incas",4,
HIST 444,"Sport, History, and International Politics",4,
HIST 445,Pirates of the Atlantic World,4,
HIST 446,Modern Middle East,4,
HIST 452,Minnesota History,4,
HIST 454,Early America to 1763,4,
HIST 455,Revolutionary & Early National America 1763-1820,4,
HIST 458,U.S. History 1820-1861,4,
HIST 459,U.S. History 1861-1900,4,
HIST 462,"U.S. History, 1900-1945",4,
HIST 463,"U.S. History, 1945-Present",4,
HIST 466,History of U.S. Foreign Relations in the Twentieth Century,4,
HIST 467,Rock Music and American Society,4,
HIST 470,American Frontier,4,
HIST 471,20th Century American West,4,
HIST 476,Comparative Slavery and Emancipation,4,
HIST 477,African American History,4,
HIST 478,America in Vietnam,4,
HIST 481W,Civil Rights in the Twentieth Century,4,
HIST 483,American Social and Cultural History,4,
HIST 484,American Labor History,4,
HIST 485,History of American Immigration and Ethnicity,4,
HIST 486,American Environmental History,4,
HIST 487,United States Women's History,4,
HIST 488,Disasters in American History,4,
HIST 490,Workshops,,
HIST 495W,Senior Seminar,4,
HIST 497,Internship,1-12,
HIST 499,Individual Study,,
HIST 501,Classical World of Greece & Rome,4,
HIST 502,"Foundations of Judaism, Christianity, & Islam",4,
HIST 503,The Middle Ages,4,
HIST 506,Renaissance and Reformation Europe,4,
HIST 507,The Age of Absolutism and Enlightenment,4,
HIST 508,Women and Gender in European History,4,
HIST 514,Early England to 1603,4,
HIST 515,England since 1603,4,
HIST 519,France since the Revolution in 1789,4,
HIST 524,Scandinavian History,4,
HIST 530,United States: Selected Topics,1-4,
HIST 531,European History: Selected Topics,1-4,
HIST 532,World History: Selected Topics,1-4,
HIST 534,East Asian History: 1800-1945,4,
HIST 535,East Asian History: 1945 - The Present,4,
HIST 536,History of East Asian Relations with the United States,4,
HIST 537,African History to 1800,4,
HIST 538,Modern Africa,4,
HIST 542,Modern Latin America,4,
HIST 546,Modern Middle East,4,
HIST 552,Minnesota History,4,
HIST 554,Early America to 1763,4,
HIST 555,Revolutionary & Early National America 1763-1820,4,
HIST 558,U.S. History 1820-1861,4,
HIST 559,U.S. History 1861-1900,4,
HIST 562,U.S. History 1900-1945,4,
HIST 563,U.S. History 1945-Present,4,
HIST 566,History of U.S. Foreign Relations in the Twentieth Century,4,
HIST 568,U.S. Constitutional History and Historiography,4,
HIST 570,American Frontier,4,
HIST 571,20th Century American West,4,
HIST 576,Comparative Slavery and Emancipation,4,
HIST 577,African American History,4,
HIST 578,America in Vietnam,4,
HIST 581,Civil Rights in the Twentieth Century,4,
HIST 583,American Social and Cultural History,4,
HIST 584,American Labor History,4,
HIST 585,History of American Immigration and Ethnicity,4,
HIST 586,American Environmental History,4,
HIST 587,United States Women's History,4,
HIST 588,Disasters in American History,4,
HIST 590,Workshop,1-4,
HIST 600,Reading Seminar in European History,3,
HIST 602,Reading Seminar in World History,3,
HIST 604,Reading Seminar in United States History,3,
HIST 608,Research Seminar in European History,3,
HIST 609,Research Seminar in World History,3,
HIST 610,Research Seminar in United States History,3,
HIST 615,Historical Thinking and Professional Development,1,
HIST 677,Individual Study,1-4,
HIST 691,In-Service,1-4,
HIST 694,Alternate Plan Paper,1-2,
HIST 697,Internship,1-12,
HIST 699,Thesis,1-6,
HLTH 101,Health and the Environment,3,
HLTH 102,Health Promotion Competencies for the Community Health Worker,2,HLTH 101
HLTH 201,"The Community Health Worker: Role, Advocacy, Outreach, and Resources",3,
HLTH 202,"Health Communication, Teaching, and Capacity Building",3,
HLTH 203,"Documentation, Legal, and Ethical Issues in Community Health Work",3,
HLTH 209,Basic First Aid & CPR,1,
HLTH 210,Emergency Medical Responder First Aid & CPR,3,
HLTH 211,Human Sexuality in a World of Diversity,3,
HLTH 212,Consumer Health,3,
HLTH 225,Introduction to Alcohol and Drug Studies,3,
HLTH 240,Drug Education,3,
HLTH 260,Introduction to Applied Health Science,3,
HLTH 295,Professional Preparation in Health Careers,1,
HLTH 296,Internship: Community Health Worker,1-2,"HLTH 101, HLTH 201, HLTH 202, HLTH 203"
HLTH 311,Family Life & Sex Education,3,
HLTH 320,School Health Education,3,
HLTH 321,Medical Terminology,3,
HLTH 360,Theories and Models of Health Education,3,HLTH 260
HLTH 361W,Health Communication and Advocacy,4,"HLTH 101, HLTH 360"
HLTH 370,Multicultural topics for addictions professionals,3,HLTH 225
HLTH 371,Core functions of addiction professionals,3,HLTH 225
HLTH 372,Adolescent Addictions,3,HLTH 225
HLTH 373,Individual Counseling Skills for Substance Use Disorders,3,HLTH 225
HLTH 374,Group Counseling Skills for Substance Use Disorders,3,HLTH 225
HLTH 380W,"Health Education Planning, Implementing, and Evaluating 1",3,"HLTH 360, HLTH 361W"
HLTH 400,Women's Health,3,
HLTH 406,Ethics and Professionalism for Addictions Professionals,3, HLTH 225
HLTH 407,Pharmacology for Alcohol and Drug Professionals,3, HLTH 225
HLTH 408W,Theories and Methods for Addictions Professionals,3, HLTH 225
HLTH 410W,Current Health Issues,3,
HLTH 420W,Health Teaching Methods,3,HLTH 320
HLTH 441,Death Education,3,
HLTH 450,Environmental Health,3,
HLTH 451,Emotional Health and Stress,3,
HLTH 454,Chronic and Infectious Diseases,3,
HLTH 455,Health and Aging,3,
HLTH 456,Assessment and Diagnosis of Substance Use Disorders,3, HLTH 225 
HLTH 459,Critical Topics in Health,,
HLTH 460,Introduction to Epidemiology,3,
HLTH 465,Public Health and Healthcare Systems,3,
HLTH 466,Global Health,3,
HLTH 469,Co-Occurring Disorders,3, HLTH 225 
HLTH 475,Biostatistics,3," MATH 110, STAT 154, Or any other mathematics course higher than MATH 110."
HLTH 477,Behavior Change Foundations and Strategies,3,
HLTH 480,"Health Education Planning, Implementing and Evaluating 2",3, HLTH 380W
HLTH 482W,Administration and Grant Writing in Health Education,4,HLTH 380W
HLTH 488,Worksite Health Promotion,3,
HLTH 491,Directed Research in Health Science,,
HLTH 492,Instructional Internship,,
HLTH 495,Senior Seminar in Health Education,1,HLTH 380W
HLTH 496,Internship: Applied Health Science,1-9,"HLTH 260, HLTH 295, HLTH 360, HLTH 361W, HLTH 380W, HLTH 454, HLTH 460, HLTH 480, HLTH 482W"
HLTH 497,Internship: Alcohol and Drug Studies,1-12, Completion of all Alcohol and Drug Studies required core courses.
HLTH 499,Individual Study,,
HLTH 510,Current Health Issues,3,
HLTH 541,Death Education,3,
HLTH 550,Environmental Health,3,
HLTH 551,Emotional Health and Stress,3,
HLTH 555,Health and Aging,3,
HLTH 556,Assessment and Diagnosis of Substance Use Disorders,3,
HLTH 559,Critical Topics in Health,1-3,
HLTH 560,Introduction to Epidemiology,3,
HLTH 565,Public Health and Healthcare Systems,3,
HLTH 566,Global Health,3,
HLTH 567,Public Health Law,3,
HLTH 569,Co-Occurring Disorders,3,
HLTH 575,Biostatistics,3,
HLTH 588,Worksite Health Promotion,3,
HLTH 606,Epidemiology,3,
HLTH 630,Health Research Methods,3,
HLTH 632,Alcohol and Drug Education,3,
HLTH 654,Disease and Prevention in Public Health,3,
HLTH 658,Grant Writing for Health Professions,3,
HLTH 659,Health Administration,3,
HLTH 662,Human Sexuality,3,
HLTH 664,Health Program Planning & Evaluation,3,
HLTH 665,Models and Theories of Health Behavior and Health Promotion,3,
HLTH 667,Advanced Health Communications and Advocacy,3,
HLTH 675,Applied Biostatistics,3,
HLTH 676,Behavior Change Foundations and Strategies,3,
HLTH 694,Alternate Plan Paper,1-3,
HLTH 699,Thesis,1-4,
HP 102,Individualized Exercise,1,
HP 103,Fitness for Living,1,
HP 105,Beginner Swimming,1,
HP 113,Introduction to Bowling,1,
HP 114,Introduction to Billiards,1,
HP 117,Aerobic Conditioning,1,
HP 130,Self-Defense for Women,1,
HP 141,Introduction to Sport Management,3,
HP 146,Intercollegiate Bowling,1, Bowling experience/averages.
HP 147,Intercollegiate Cross Country,1, Selection for team 
HP 148,Intercollegiate Softball,1, Selection for team 
HP 149,Intercollegiate Volleyball,1, Selection for team 
HP 150,Intercollegiate Wrestling,1, Selection for team 
HP 152,Intercollegiate Track and Field,1, Selection for team 
HP 153,Intercollegiate Swimming,1, Selection for team 
HP 154,Intercollegiate Football,1, Selection for team 
HP 155,Intercollegiate Basketball,1, Selection for team 
HP 156,Intercollegiate Baseball,1, Selection for team 
HP 157,Intercollegiate Golf,1, Selection for team 
HP 158,Intercollegiate Tennis,1, Selection for team 
HP 159,Intercollegiate Hockey,1, Selection for team 
HP 161,Intercollegiate Soccer,1, Selection for team 
HP 166,Team Game Skills,1,
HP 171,Introduction to Racquetball,1,
HP 172,Introduction to Tennis,1,
HP 173,Introduction to Badminton,1,
HP 175,Fitness Activities,1,
HP 176,Introduction to Pickleball,1,
HP 177,Introduction to Golf,1,
HP 179,Downhill Skiing,1,
HP 180,Introduction to Handball,1,
HP 181,Advanced Handball,1,
HP 182,Aquatic Skills,1,"Human Performance major or Aquatic emphasis. Ability to swim front crawl, back crawl, elementary backstroke, breaststroke, sidestroke. Developing teaching skills and curriculum."
HP 183,Introduction to Curling,1,
HP 191,Yoga,1,
HP 201,Introduction to Teaching Physical Education,3,
HP 260,Introduction to Exercise Science & Practitioner-based Professions,3,
HP 290,Psycho-Social Aspects of Sport,3, SOC 101 
HP 291,Concepts of Fitness,2,
HP 295,Fundamentals of Physical Education Activities,3,
HP 313,Lifespan Motor Development,3,
HP 314,Physiology of Exercise,3,BIOL 330
HP 315W,Research Methods and Statistics in Exercise Science,3,
HP 325,Ethics and Morality in Sport Management,3,
HP 328,Pathomechanics in Sports Medicine,3,
HP 330,MN PE Standards & Benchmarks,2,"HP 202, HP 295"
HP 331,Game Forms I,2,"HP 201, HP 295"
HP 332,Game Forms II,2,"HP 201, HP 295"
HP 333,Introduction to Developmental Adapted Physical Education,3,
HP 334,Game Forms III,2,"HP 201, HP 295"
HP 340,Prevention and Care,2,HLTH 210
HP 350,Sport Business and Professional Development,3,
HP 363,Science of Strength Training and Kinesiology,3,BIOL 220
HP 388,Assessment in General Phys Educ & DAPE,3,"HP 295, HP 313, HP 333"
HP 392,Group Exercise Instruction,2,
HP 415,Advanced Sports Medicine,2," BIOL 220, HLTH 210, HP 340"
HP 418,Intercultural Competence for Allied Health Professionals,3,
HP 425,Developmental Adapted Physical Education Methods,3,"HP 313, HP 333"
HP 426,Physical Education Teaching Styles,3,"HP 201, HP 295, HP 330"
HP 427,Applied Movement Principles,3,Majors only
HP 428,Collaboration in Developmental Adapted Physical Education,3,"HP 333, HP 388"
HP 429,Developmental Adapted Physical Education Community of Practice,3,"HP 388, HP 425"
HP 430,Applied Behavior Analysis in Physical Education,3,
HP 431,Biomechanics,3,HP 363
HP 435,Planning Sport Facilities,3,
HP 437,"Sport Media, Sponsorship and Sales",3,
HP 439,Nutrition for Physical Activity and Sport,3,HP 314
HP 449,K-12 Teaching Methods in Physical Education,3,"HP 201, HP 295, HP 388"
HP 450,K-12 Teaching Physical Education Practicum,1,"HP 201, HP 295, HP 388"
HP 451,Principles of Coaching,3,
HP 459,Financial Aspects of Sport,3, ACCT 200 or consent of instructor
HP 460,Curriculum Design in Physical Education,3,"HP 449, HP 450"
HP 462,Sports Administration,3,
HP 463,Seminar in Sport Management,3,
HP 464,Analysis of Sport Data,3,
HP 465,Legal Aspects of Physical Education and Sport,3,
HP 466,Graded Exercise Testing and Exercise Prescription,3, HP 414 
HP 468,Sport Marketing,3,
HP 469,Sport and Esport Event Management,3,
HP 470,Psychology of Coaching,3, PSYC 101 or equivalent 
HP 475,International Sport Management,3,
HP 477,Behavior Change Foundations and Strategies,3,
HP 486,Small Group Personal Training,3,"HP 363, HP 466"
HP 487,Applied Exercise Science,4, HP 414
HP 488,Applied Sport Business,3,
HP 496,Internship,1-10," HP 414, HP 466"
HP 497,Sport Tourism,3,
HP 535,Planning Sport Facilities,3,
HP 567,Worksite Wellness Program Development,3,
HP 570,Psychology of Coaching,3,
HP 575,International Sport Management,3,
HP 597,Sport Tourism,3,
HP 601,Advanced Physiology of Exercise I,3,
HP 602,Laboratory Techniques in Exercise Physiology,2,
HP 605,Advanced Nutrition in Sport and Exercise,3,
HP 609,Advanced Physiology of Exercise II,3,
HP 610,Statistical Methods,3,
HP 615,Research Methodology and Statistical Concepts,4,
HP 620,Typical and Atypical Motor Development Across the Lifespan,3,
HP 625,Sport Ethics and Professional Development,3,
HP 626,Biomechanics & Motor Learning,3,
HP 630,Techniques of Research,3,
HP 633,Sport Business Innovation and Sustainability,3,
HP 638,Managing Sporting Events,3,
HP 640,Seminar in Sport Psychology,1,
HP 641,Psychology of Sport and Exercise,3,
HP 642,Issues in Sports Medicine,3,
HP 643,International Sport Business Ethics and Diversity,2,
HP 644,Applied Sport and Exercise Psychology,3,
HP 645,Physical Activity and Chronic Disease,3,
HP 646,Exercise Psychology and Behavior Change,3,
HP 648,Professional Ethics in Sport and Exercise Psychology,3,
HP 649,Sport in American Culture,3,
HP 650,Principles of Sport Management,3,
HP 651,Sport Management Seminar,3,
HP 652,Performance Psychology Seminar,1,
HP 653,Digital Sport Marketing Analytics,2,
HP 657,International Sport Finance and Economics,3,
HP 660,Financial Aspects of Sport,3,
HP 663,International Sport Law & Governance,3,
HP 665,Sport Law,3,
HP 667,Advanced Sport Marketing,3,
HP 672,Psychology of Sport and Athletic Injury,3,
HP 673,International Sport Media Communications,2,
HP 677,Individual Study,1-4,
HP 680,Systematic Readings in Physical Education and Human,1-2,
HP 682,Practicum in Sport and Exercise Psychology,1,
HP 683,Working with Diverse Populations in Sport Psychology,3,
HP 688,Applied Sport Business,3,
HP 689,Evidence-Based Practice in Exercise Physiology,3,
HP 694,Alternate Plan Paper,1-2,
HP 696,Manuscript,1-4,
HP 698,Internship,1-10,
HP 699,Thesis,1-4,
HUM 101W,Introduction to Humanities and the Search for Meaning,4,
HUM 150,Western Humanities I: Cave Paintings to Cathedrals,4,
HUM 151,Western Humanities II: da Vinci to the Digital Age,4,
HUM 155,Global Humanities I: Asia & Africa,4,
HUM 156,"Global Humanities II: The Americas, Australia, & Oceania",4,
HUM 250W,Perspectives in Humanities,4,
HUM 280W,Humanities Traditions,4,
HUM 281W,Human Diversity and Humanities Traditions,4,
HUM 282W,Global Perspectives and Humanities Traditions,4,
HUM 350,Reading for Humanities,1-4,
HUM 380,Topics in Humanities,4,
HUM 450W,Humanities Seminar,4, HUM 282W
HUM 490,Senior Capstone Project,4, Admission to college as Humanities Major 
HUM 498,Humanities Internship,1-4," HUM 282W, advanced standing in Humanities and consent of instructor."
HUM 499,Individual Study,1-4,Approval of faculty.
IBUS 380,Principles of International Business,3,
IBUS 419,International Business Seminar,3, IBUS 380 
IBUS 428,International Marketing,3,MRKT 210
IBUS 448,International Business Management,3,
IBUS 469,International Business Finance,3, IBUS 380 
IBUS 485,Export Administration,3, IBUS 380 
IBUS 490,International Business Policy and Strategy,3," IBUS 428, IBUS 448, IBUS 469 (select 2 out of the 3 courses)"
IBUS 492,Study Tour,1-3,
IBUS 498,Internship,1-3, Consent 
IBUS 499,Individual Study,1-3, Consent 
IDST 496,Capstone Experience,1-4                                     ,
ISAT 301,Interdisciplinary Portfolio I,1,Admission to ISAT program.
ISAT 302,Interdisciplinary Portfolio II,1,Admission to ISAT program.
ISAT 401,Interdisciplinary Portfolio III,1,Admission to ISAT program.
ISAT 402,Interdisciplinary Portfolio IV,1,Admission to ISAT program.
ISAT 480,Capstone Proposal,2-4,"ISAT 302, Admission to ISAT program."
ISAT 490,Capstone Experience,2-4,"ISAT 302, Admission to ISAT program."
KSP 220W,Human Relations in a Multicultural Society,3,
KSP 235,Human Development,3,
KSP 600,Technology and Design in the Classroom,2-3,
KSP 601,Culturally Responsive Teaching,3,
KSP 603,Critical Issues in Education,3,
KSP 605,Planning and Pedagogy: Cultivating Equity-Based Learning Experiences,3,
KSP 607,Powerful Partnerships with Families and Community,3,
KSP 608,Asset-Based Pedagogy and Learning Environments,3,
KSP 609,Research Methods,3,
KSP 610,Scholarly Writing,3,
KSP 612,Student Centered Learning,3,
KSP 619,Using Technology in learning environments,3,
KSP 621,Information Resources,3,
KSP 622,Materials for Children,3,
KSP 624,"Accessibility, Technology, and Learning",3,
KSP 630,Materials for Young Adults,3,
KSP 633,Assessment and Grading Practices with a Critical Lens,3,
KSP 635,21st Century Multiple Literacies,3,
KSP 639,Technology Leadership,3,
KSP 640,Supporting Learning through Assessments,3,
KSP 643,Introduction to Design in Education,3,
KSP 644,Accessing Diverse Partnerships to support students,3,
KSP 660,Student Teaching: K-12 and Secondary Programs,7-8                                     ,
KSP 662,Additional Licensure Practicum for K-12 & Secondary Schools,1-6                                     ,
KSP 663,Designing Curriculum to Support Student Learning,3,
KSP 665,Teacher Leader Scholar,3,
KSP 667,Social Justice and Technology for Learning,3,
KSP 669,"Reading, Literacy, Multilingualism, and Student Advocacy in Education",3,
KSP 674,Professional Seminar,1,
KSP 676,Adult Development and Learning,3,
KSP 680,Pedagogy in Online Learning Environments,3,
KSP 684,Pedagogy and Blended Learning,3,
KSP 687,Design in Education II,3,
KSP 689,Supporting Learning through technology,3,
KSP 693,Leveraging Technology for Professional Learning,3,
KSP 694,Alternate Plan Paper,1-2,
KSP 695,Creative Projects,1-2,
KSP 699,Thesis,1-6,
MACC 615,Accounting Theory,2,
MACC 620,Financial Statement Analysis,2,
MACC 625,Governmental and Nonprofit Accounting,2,
MACC 630,Corporate Governance and Professional Ethics,2,
MACC 635,Special Topics in Accounting,2,
MACC 640,External Auditing and Other Attest Services,2,
MACC 642,Fraud Examination and Forensic Accounting,2,
MACC 645,IT Auditing,2,
MACC 650,Tax Research and Consultancy,2,
MACC 651,Taxation of Partnerships,2,
MACC 652,Taxation of Corporations,2,
MACC 655,Fundamentals of Federal Income Tax,2,
MACC 660,Applied Business Analytics,2,
MACC 661,International Accounting,2,
MACC 665,Professional Consultancy,2,
MACC 670,Internship,1-4,
MACC 680,Controllership,2,MACC 615
MATH 098,Intermediate Algebra,4,
MATH 110,Perspectives in Mathematics,3,Three years high school algebra/geometry or MATH 098
MATH 112,College Algebra,4," Satisfy Placement Table in this section, or MATH 098 with grade of P. "
MATH 113,Trigonometry,3," Satisfy Placement Table in this section, or MATH 112 with “C” (2.0) or better. "
MATH 115,Precalculus Mathematics,4,"Satisfy Math Placement Table in this section, or grade of P in MATH 098."
MATH 121,Calculus I,4,"Satisfy Placement Table in this section, MATH 115 or both MATH 112 and MATH 113 with “C” (2.0) or better."
MATH 122,Calculus II,4,MATH 121 with “C” (2.0) or better or consent
MATH 127,Calculus II for Engineering Technology: Integration,2,MATH 121 with “C” (2.0) or better or consent
MATH 130,Finite Mathematics and Introductory Calculus,4,"Satisfy Placement Table in this section, or grade of “C” (2.0) or better in either MATH 112 or MATH 115."
MATH 170,Introduction to Mathematical Software Programming,3, MATH 121
MATH 180,Mathematics for Computer Science,4,"MATH 112 or equivalent, with “C” (2.0) or better, or consent"
MATH 201,Elements of Mathematics I,3,"Satisfy Placement Table in this section, or Grade of P in MATH 098 or ""C"" (2.0) or better in MATH 112 or MATH 115."
MATH 202,Elements of Mathematics II,3,"MATH 201, with “C” (2.0) or better or consent"
MATH 223,Calculus III,4,"MATH 122 with “C” (2.0) or better, or consent"
MATH 247,Linear Algebra I,4,MATH 122 with “C” (2.0) or better or consent
MATH 280,Discrete Mathematics for Computer Science I,4,MATH 121 with “C” (2.0) or better or consent.
MATH 290,Foundations of Mathematics,4,MATH 122 with “C” (2.0) or better or consent.
MATH 316,Intermediate Analysis,3,MATH 223 and MATH 290 with “C” (2.0) or better or consent
MATH 321,Ordinary Differential Equations,4,MATH 122 with “C” (2.0) or better or consent
MATH 332,College Geometry,4,MATH 290 with “C” (2.0) or better or consent
MATH 345,Abstract Algebra I,4,MATH 290 with “C” (2.0) or better or consent
MATH 354,Concepts of Probability & Statistics,4,MATH 122 with “C” (2.0) or better or consent
MATH 375,Introduction to Discrete Mathematics,4,MATH 247 and MATH 290 with grade of “C” (2.0) or higher.
MATH 380,Discrete Mathematics for Computer Science II,4,MATH 247 and MATH 280 with a grade of “C” (2.0) or better
MATH 402,Introduction to Topology,4, MATH 290 with grade of “C” (2.0) or higher. 
MATH 411,Introduction to Complex Variables,4,MATH 223 and MATH 290 with “C” (2.0) or better or consent
MATH 417,Real Analysis I,4, MATH 223 and MATH 290 with “C” (2.0) or better or consent 
MATH 418,Real Analysis II,3, MATH 417 with “C” (2.0) or better or consent
MATH 422,Partial Differential Equations,4,MATH 223 and MATH 321 with “C” (2.0) or better or consent
MATH 425,Mathematical Modeling,4,MATH 223 and MATH 247 with “C” (2.0) or better or consent
MATH 428,Linear Optimization Methods,4," MATH 122, MATH 247"
MATH 435,Modern Geometry,4,"MATH 247 and MATH 290 with grade of ""C"" (2.0) or higher or consent."
MATH 442,Theory of Numbers,4,MATH 345 with “C” (2.0) or better or consent
MATH 446,Abstract Algebra II,4,MATH 345 with “C” (2.0) or better or consent
MATH 447,Linear Algebra II,3,MATH 345 with “C” (2.0) or better or consent
MATH 455,Theory of Statistics I,4,MATH 223 with “C” (2.0) or better or consent
MATH 456,Theory of Statistics II,4,MATH 455 / STAT 455 with “C” (2.0) or better or consent
MATH 460,Actuarial Applications in Probability,3," (MATH 354, STATS 354, MATH 455 or STAT 455) and MATH 223"
MATH 461,Mathematical Theory of Interest,4,MATH 122 with C (2.0) or better or consent.
MATH 470,Numerical Analysis I,4,"MATH 122, MATH 247 with “C” (2.0) or better or consent"
MATH 471,Numerical Analysis II,4,MATH 470 and MATH 223 with “C” (2.0) or better or consent
MATH 475,Advanced Mathematical Software Programming,4,"Math 345 and Math 375 with a ""C"" (2.0) or better, and senior standing or consent."
MATH 480,History of Mathematics,3,MATH 345 with “C” (2.0) or better or consent
MATH 483,Advanced Viewpoint of 5-8 School Mathematics,3,MATH 290 with “C” (2.0) or better or consent
MATH 484,Technology in 5-12 School Mathematics,3,MATH 290 with “C” (2.0) or better or consent
MATH 485,Teaching Secondary School Mathematics,3,MATH 290 with “C” (2.0) or better or consent
MATH 492W,Mathematics Capstone Experience,3," Two of the following: MATH 316, MATH 321, MATH 345, MATH 375 and senior standing (or permission of the instructor). Course can also be taken independent study with permission of a cooperating faculty member. "
MATH 502,Introduction to Topology,4,MATH 290
MATH 511,Introduction to Complex Variables,4,MATH 223 and MATH 290 with “C” (2.0) or better or consent.
MATH 517,Real Analysis I,4,MATH 223 and MATH 290 with “C” (2.0) or better or consent.
MATH 518,Real Analysis II,3,(MATH 417 or MATH 517) with “C” (2.0) or better or consent.
MATH 522,Partial Differential Equations,4,MATH 223 and MATH 321 with “C” (2.0) or better or consent.
MATH 525,Mathematical Modeling,4,MATH 223 and MATH 247 with “C” (2.0) or better or consent.
MATH 528,Linear Optimization Methods,4,MATH 122 and MATH 247
MATH 535,Modern Geometry,4,"MATH 247 and MATH 290 with a grade of ""C"" (2.0) or higher, or consent."
MATH 542,Theory of Numbers,4,MATH 345 with “C” (2.0) or better or consent.
MATH 546,Abstract Algebra II,4,MATH 345 with “C” (2.0) or better or consent.
MATH 547,Linear Algebra II,3,MATH 345 with “C” (2.0) or better or consent.
MATH 555,Theory of Statistics I,4,MATH 223 with “C” (2.0) or better or consent.
MATH 556,Theory of Statistics II,4,(MATH 455 or MATH 555) or (STAT 455 or STAT 555) with “C” (2.0) or better or consent.
MATH 560,Actuarial Applications in Probability,3,(MATH/STAT 354 and MATH 223) or MATH/STAT 455 or MATH/STAT 555
MATH 561,Mathematical Theory of Interest,4,MATH 122 or better or consent.
MATH 570,Numerical Analysis I,4,MATH 122 and MATH 247 with “C” (2.0) or better or consent.
MATH 571,Numerical Analysis II,4,(MATH 470 or MATH 570) and MATH 223 with “C” (2.0) or better or consent.
MATH 575,Advanced Mathematical Software Programming,4,Math 375 and Math 345 with grade of C (2.0) or better in both courses.
MATH 580,History of Mathematics,3,MATH 345 with “C” (2.0) or better or consent.
MATH 583,Viewpoint of 5-8 School Mathematics,3,MATH 290 with “C” (2.0) or better or consent.
MATH 584,Technology in 5-12 School Mathematics,3,MATH 290 with “C” (2.0) or better or consent.
MATH 588,Seminar,,
MATH 590,Workshop,1-4,
MATH 595,Selected Topics,,
MATH 598,Internship,,
MATH 605,Graphs and Algorithms,3,(MATH 417 or MATH 517) and Math 375 and (MATH 447 or MATH 547) or consent.
MATH 606,Topics in Discrete Mathematics,3,MATH 375 and (MATH 447 or MATH 547) or consent.
MATH 611,Real Analysis,3,MATH 417 or MATH 517 or consent.
MATH 613,Topics in Analysis,3,(MATH 417 or MATH 517) or consent.
MATH 618,Functional Analysis,3,(MATH 417 or MATH 517) and (MATH 447 or MATH 547) or consent.
MATH 620,Applied Mathematics,3,MATH 321 and (MATH 417 or MATH 517) and (MATH 447 or MATH 547) or consent.
MATH 621,Topics in Applied Mathematics,3,(MATH 417 or MATH 517) and (MATH 422 or MATH 522) and (MATH 447 or MATH 547) or consent.
MATH 625,Complex Variables,3,(MATH 417 or MATH 517) or consent.
MATH 628,Numerical Optimization,3,MATH 517 and MATH 547
MATH 635,Topics in Geometry,3,Consent
MATH 641,Abstract Algebra,3,MATH 345 or consent.
MATH 645,Topics in Algebra,3,MATH 641 or consent.
MATH 661,Mathematical Problem Solving & Modeling for Teachers,3,
MATH 662,Algebraic Structures in School Mathematics,3,MATH 345 or consent.
MATH 663,Geometric Structures in School Mathematics,3,MATH 332 or consent.
MATH 672,Numerical Analysis of Differential Equations,3,MATH 321 and (MATH 470 or MATH 570) or consent.
MATH 674,Computations in Linear Algebra,3,(MATH 447 or MATH 547) and (MATH 470 or MATH 570) or consent.
MATH 677,Individual Study,,Consent
MATH 680,Topics in Mathematics,1-4,
MATH 689,Readings in Mathematics,,Consent
MATH 690,Research in Mathematics Education,3,(STAT 450 or STAT 550) or (STAT 451 or STAT 551) or consent.
MATH 692,Topology,3,MATH 417 or MATH 517 or consent.
MATH 693,Topics in Topology,3,MATH 692 or consent.
MATH 694,Alternate Plan Paper,1,Consent
MATH 695,Workshop,1-4,
MATH 698,Internship,,
MATH 699,Thesis,1-4,Consent
MBA 610,Writing in the Workplace,2,
MBA 612,Data Analysis and Statistics for Managers,2,
MBA 614,Economic Analysis for Managers,2,
MBA 623,Legal and Ethical Environment of Business,2,
MBA 630,Accounting for Management,2,
MBA 634,Investment and Financial Decisions,2,
MBA 642,Management of Human Resources,2,
MBA 645,Information Technology and Systems Management,2,
MBA 651,Managing Behavior in a Changing World,2,
MBA 657,Managing Service and Manufacturing Operations,2,
MBA 663,Negotiation,2,
MBA 665,Leadership,2,
MBA 667,Organizational Development and Change,2,
MBA 672,International Marketing,2,
MBA 676,International Finance,2,
MBA 681,Global Business Strategy,2,
MBA 683,Marketing Strategy,2,
MBA 690,Executive Seminar,2,
MBA 695,Strategic Management and Business Policy,2,
MBA 696,Special Projects in Business,2,
MBA 697,Seminar Topics in Business,2,
MBA 698,MBA Internship,2,
MDSM 601,Introduction to Modeling and Simulation,4,
MDSM 602,Data-Driven Modeling & Big Data Analysis,4,
MDSM 691,Seminar in Modeling and Simulation,1,
ME 101,Introduction to Engineering - Mechanical,2,ACT Math Subscore of 23 or higher.
ME 103,Computer Graphics Communication,1,
ME 201,Introduction to Problem Solving and Engineering Design,2, ME 101 
ME 203,Geometric Dimensioning and Tolerancing in Engineering Design,2," ME 103, ME 201 "
ME 212,Statics,3,PHYS 221
ME 213,Statics and Dynamics for Electrical Engineers,3,
ME 214,Dynamics,3, ME 212 
ME 223,Mechanics of Materials,3, ME 212 
ME 240,Building Systems Documentation,1,ME 103 or instructor permission or instructor permission.
ME 241,Thermodynamics,3, PHYS 221 
ME 291,Engineering Analysis,3,"MATH 122, PHYS 221. Select one from EE 107, CIVE 201, ME 201"
ME 299,Thermal Analysis,2, PHYS 221 with “C-” (1.67) or better 
ME 306,Materials Science,3,ME 223
ME 321,Fluid Mechanics,3,"MATH 223, ME 214"
ME 324,Heat Transfer,3," ME 241, ME 321 "
ME 329,Applied Thermodynamics,3,"CHEM 191, ME 241"
ME 333,Manufacturing Processes,3," ME 206, ME 223 "
ME 336,Mechanical Engineering Experimentation I,2,ME 306
ME 341,Linear Systems,3,"ME 201, ME 214, PHYS 222, EE 230, PHYS 232, EE 240, ME 281, MATH 321"
ME 344,Instrumentation,3,"ME 203, ME 214,  EE 230, EE 240"
ME 398,CPT: Co-Operative Experience,0, ME 201. At least 60 credits earned; in good standing; instructor permission; co-op contract; other Prerequisites may also apply.
ME 415,Structural Analysis,3, ME 223 
ME 416,Thermal/Fluid Systems Design,3," ME 324, ME 329 "
ME 417,Design of Machine Elements,3," ME 214, ME 223 "
ME 418,Mechanical Systems Design,3, ME 417 
ME 420,Computer Aided Engineering,3,"ME 203, ME 324, ME 417"
ME 422,Mechanics of Composite Materials,3, ME 223
ME 424,Analysis and Design of Heat Transfer Equipment,3, ME 324 
ME 426,Aerosol Theory and Technology,3,
ME 428,Design Project I,3," ME 324, ME 329, ME 333, ME 336, ME 341, ME 417 "
ME 429,Energy Conversion,3," ME 324, ME 329 "
ME 431,Building Information Modeling (BIM) for HVAC&R Engineers,1,Instructor Permission
ME 432,HVAC&R Systems and Applications,1,"ME 321, ME 324, ME 329 or instructor permission."
ME 433,Design for Manufacturing and Assembly,3,
ME 436W,Mechanical Engineering Experimentation II,2," ME 291, ME 324, ME 329"
ME 438W,Design Project II,3, ME 428 
ME 439,Heating Ventilating and Air Conditioning Design,3,"ME 324, ME 329"
ME 440,Introduction to Computational Fluid Dynamics,3,
ME 447,Design of Machine Elements II,3, ME 417
ME 450,Finite Element Method,3, ME 223 and ME 324 or instructor consent 
ME 463,Automatic Controls,3, ME 341 
ME 464,Mechatronics,3," ME 417, ME 463 "
ME 465,Robotics Systems,3,
ME 466,Mechanical Engineering Experimentation III,2, ME 463 
ME 466W,Mechanical Engineering Experimentation III,2,"ME 344, ME 463"
ME 483,Aircraft Stability and Control,3,
ME 492,Mechanical Engineering Seminar,1, Senior standing in Mechanical Engineering 
ME 516,Thermal/Fluid Systems Design,3,
ME 518,Mechanical Systems Design,3,
ME 520,Computer Aided Engineering,3,
ME 522,Mechanics of Composite Materials,3,
ME 526,Aerosol Theory and Technology,3,
ME 529,Energy Conversion,3,
ME 533,Design for Manufacturing & Assembly,3,
ME 539,Heating Ventilating and Air Conditioning Design,3,
ME 540,Introduction to Computational Fluid Dynamics,3,
ME 550,Finite Element Method,3,
ME 563,Automatic Controls,3,
ME 564,Mechatronics,3,
ME 565,Robotics Systems,3,
ME 583,Aircraft Stability and Control,3,
ME 591,In-Service,,
ME 594,Global Experience in Engineering and Technology,1,
ME 597,Internship,,
ME 599,Individual Study,,
ME 600,Research Methods in Mechanical Engineering,1,
ME 601,Advanced Computational Methods in Engineering,3,
ME 602,Advanced CAE,3,
ME 603,Computational Fluid Mechanics and Heat Transfer,3,
ME 604,Advanced CAD Techniques,3,
ME 623,Experimental Stress Analysis,3,
ME 677,Individual Study,,
ME 682,Mechanical Engineering Graduate Seminar,1,
ME 687,Mechanical Engineering Practicum,1,
ME 691,In-Service: Technical Elective,,
ME 694,Alternate Plan Paper Research,1,
ME 697,Advanced Mechanical Engineering Internship,,
ME 699,Thesis,1-4,
MEDT 410,Clinical Hematology I,1-10,
MEDT 411,Clinical Immunohematology I,1-10,
MEDT 412,Clinical Immunology I,1-10,
MEDT 413,Clinical Chemistry I,1-10,
MEDT 414,Clinical Microbiology I,1-10,
MEDT 415,Clinical Microscopy I,1-10,
MEDT 416,Clinical Hematology II,1-10,
MEDT 417,Clinical Immunohematology II,1-10,
MEDT 418,Clinical Chemistry II,1-10,
MEDT 419,Clinical Microbiology II,1-10,
MEDT 420,Clinical Microscopy II,1-10,
MEDT 499,Individual Study,1-6,
MET 104,Introduction to Manufacturing Engineering Technology,1,
MET 142,Introduction to Parametric Modeling,3,
MET 275,Manufacturing Processes I,4, CHEM 104 and MET 142 
MET 323,Statics,3, PHYS 211 and MATH 121
MET 324,Strength of Materials and Dynamics,4, MET 323
MET 341,Advanced Parametric Modeling,3, MET 142
MET 347,Manufacturing Automation,4," EET 113, MET 275, MET 341"
MET 375,Manufacturing Processes II ,4,MET 275
MET 386,Metrology for Engineering Technologist,3," MATH 121, MET 341, STAT 154. Admission to AET/MET major."
MET 407,Manufacturing Resource Planning and Control,3,
MET 423,Ergonomics & Work Measurement,3,STAT 154
MET 424,Industrial Safety,2,
MET 425,Project and Value Management,3,STAT 154
MET 426,Logistics and Transportation,3,STAT 154
MET 427,Quality Management Systems,3,STAT 154
MET 428,Lean Manufacturing,3,
MET 448,Computer Integrated Manufacturing,3,"MET 347, PHYS 212"
MET 455,Project and Value Management II,3,MET 425
MET 488W,Senior Design Project I,2," ENG 271W, MET 275, MET 425, 10 AET or MET 300/400 level credits"
MET 489W,Senior Design Project II,2," MET 488W, Permission Required"
MET 507,Manufacturing Resource Planning and Control,3,
MET 523,Ergonomics & Work Measurement,3,
MET 524,Industrial Safety,2,
MET 525,Project & Value Management,3,
MET 526,Logistics & Transportation,3,
MET 527,Quality Management Systems,3,
MET 528,Lean Manufacturing,3,
MET 548,Computer Intergrated Manufacturing,3,
MET 555,Project and Value Management II,3,
MET 592,Seminar: Manufacturing,,
MET 600,Manufacturing Research Methods,2,
MET 625,Advanced Project Management,3,
MET 627,Six Sigma from an Industrial Perspective,3,
MET 628,Statistical Quality Control,3,
MET 645,Computer-Aided Engineering,1-3,
MET 654,Design of Experiments,3,
MET 677,Individual Study,,
MET 678,Manufacturing Processes,2,
MET 679,Advanced Manufacturing Automation,3,
MET 692,Seminar: Manufacturing,1-3,
MET 694,Alternate Plan Paper,1-2,
MET 697,Internship: Industrial,1-5,
MET 698,Professional Science Masters Capstone Experience,2,
MET 699,Thesis,1-3,
MGMT 230,Principles of Management,3,
MGMT 300,Introduction to MIS,3,ISYS 101 or CIS 101
MGMT 332,Creativity and Innovation,3,
MGMT 340,Human Resource Management,3,
MGMT 343,Entrepreneurship: New Venture Initiation,3,
MGMT 346,Operations Management for the Supply Chain,3, ECON 207 
MGMT 360,AgriBusiness in the Modern Economy,3,
MGMT 380,Human Behavior in Organizations,3,
MGMT 391,Introduction to Business Professionalism,1,
MGMT 404,Introduction to Business Applications,3,MGMT 300
MGMT 441,Staffing,3, MGMT 340 
MGMT 442,Compensation Management,3, MGMT 340 
MGMT 443,Entrepreneurship: New Venture Growth,3,
MGMT 445,Training & Development,3, MGMT 340 
MGMT 447,Management: Special Topics,3,MGMT 230
MGMT 449,Quality Management,3, ECON 207 or equivalent 
MGMT 453,Entrepreneurship Seminar,1,
MGMT 459,Management Information Systems,3,"MGMT 230, MGMT 300"
MGMT 472,Project Management,3,
MGMT 473,Enterprise Resource Planning (ERP),3,MGMT 300
MGMT 481,Business Policy & Strategy,3,"FINA 362, MRKT 210, MGMT 230, MGMT 346"
MGMT 482,"Business, Society, & Ethics",3,
MGMT 484,Leadership,3,
MGMT 486,Strategic Human Resource Management,3,MGMT 340
MGMT 490,Business Professionals,3,
MGMT 492,BBA Capstone,3,
MGMT 497,Internship,3,
MGMT 498,Internship,3,
MRKT 100,Foundations of Business Concepts,3,
MRKT 210,Principles of Marketing,3,
MRKT 312,Professional Selling,3,MRKT 210
MRKT 316,Consumer Behavior,3,
MRKT 317,Product and Pricing Strategy,3,MRKT 210
MRKT 318,Integrated Marketing Communications,3,MRKT 210
MRKT 324,Marketing Research & Analysis,3,"MRKT 210, STAT 154 or ECON 207"
MRKT 341,Supply Chain Management,3,MRKT 210
MRKT 413,Business-to-Business Marketing,3,MRKT 210
MRKT 415,Retailing Management,3,MRKT 210
MRKT 416,Digital Marketing,3,MRKT 210
MRKT 420,Sales Management,3,MRKT 210
MRKT 424,Advanced Professional Selling,3,"MRKT 210, MRKT 312"
MRKT 428,International Marketing,3,MRKT 210
MRKT 460,Social Media Marketing,3,MRKT 210
MRKT 480,Seminar,3,MRKT 210
MRKT 490,Marketing Management,3,"MRKT 316, MRKT 317, and MRKT 318. MRKT 210 or MRKT 310. MRKT 339 or MRKT 341"
MRKT 492,Study Tour,3,
MRKT 494,Fair Trade Study Abroad in Belize,3,
MRKT 496,Professional Sales Internship,3,"MRKT 210, MRKT 312"
MRKT 498,Internship,3,MRKT 210
MSL 210,Army Physical Fitness,1,
MUSC 101,Introduction to Music,3,
MUSC 102,Pop Music USA: Jazz to Country to Blues,3,
MUSC 103,Pop Music USA: R & B to MTV,3,
MUSC 105,Introduction to Music Education,3,
MUSC 115,Musicianship 1 for BA/BSME,4,
MUSC 116,Musicianship 2 for BA/BSME,4,
MUSC 117,Musicianship 3 for BA/BSME,4,
MUSC 120,Music Money and Success,3,
MUSC 122,	Introduction to the Music Industry,3,
MUSC 128,"Artistic Enterprise- College, Careers, and Creativity",3,
MUSC 191,Seminar in Music Industry Careers,1,
MUSC 209,Music Travel Tour,1-3,
MUSC 249,Percussion Pedagogy and Techniques,1,
MUSC 255,Marching Band Techniques,2,
MUSC 301W,Music History 1,3,"ENG 101, MUSC 131"
MUSC 302W,Music History 2,3," ENG 101, MUS 131"
MUSC 303,Music Styles for the Music Educator I,3,"MUS 231, MUS 232, ENG 101"
MUSC 304,Music Styles after 1800 for the Music Educator,3,"MUS 231, MUS 232, ENG 101"
MUSC 305,Instrumental Pedagogy,3,
MUSC 307,Music of the World,3,
MUSC 308,Women in Music,3,
MUSC 309W,Music Travel Tour,3, ENG 101
MUSC 315,Instrumental Methods 1,3,
MUSC 316,Choral Methods 1,3,
MUSC 317,Instrumental Lab Ensemble,3,
MUSC 318,Choral Lab Ensemble,3,
MUSC 320W,Musicpreneurship,3,
MUSC 329,Topics in Music Industry,1-4,
MUSC 331,Electronic Orchestration,3,
MUSC 340,Materials and Methods of Teaching Music,2,
MUSC 341,General Music K-12,3,
MUSC 342,General Music 6-12,2,
MUSC 343,General Music Lab,3,
MUSC 353,Diction for Singers,2,
MUSC 411,Form and Analysis,3,
MUSC 412,Composition,1-3, Consent 
MUSC 414,Arranging (instrumentation/orchestration),3,
MUSC 416,Contrapuntal Techniques,3,
MUSC 421,Project Development in the Music Industry,3,
MUSC 430,Music Industry Composition Seminar,1,
MUSC 431,Film Scoring and Multimedia,3," MUSC 111, MUSC 112"
MUSC 451,Vocal Literature,2,
MUSC 452,Vocal Pedagogy and Literature,3,
MUSC 455,Piano Pedagogy,1,
MUSC 456,Piano Literature,3,
MUSC 465,Choral Methods 2,3,
MUSC 466,Choral Methods 3,3,
MUSC 471,Instrument Literature & Pedagogy,2,
MUSC 475,Instrument Methods 2,3,
MUSC 476,Instrumental Methods 3,3,
MUSC 485,Selected Topics,1-4,
MUSC 498,Internship,1-16,
MUSC 499,Independent Study,1-4,
MUSC 500,Graduate Music Entrepreneurship,3,
MUSC 502,Music of the Renaissance,3,
MUSC 503,Music of the Baroque Era,3,
MUSC 504,Music of the Classic Period,3,
MUSC 505,Music of the 19th Century,3,
MUSC 506,Music of the Modern Era,3,
MUSC 507,Music of the World,3,
MUSC 508,Women in Music,3,
MUSC 509,Music Travel Tour,3,
MUSC 511,Form and Analysis,3,
MUSC 514,Arranging (instrumentation/orchestration),3,
MUSC 515,Choral Arranging,2,
MUSC 516,Contrapuntal Techniques,3,
MUSC 551,Vocal Literature,2,
MUSC 553,Diction for Singers,2,
MUSC 566,Applied Music Pedagogy,1-4,
MUSC 567,Applied Music Literature,1-4,
MUSC 600,Introduction to Graduate Music Study,3,
MUSC 605,Wind Band Literature,2,
MUSC 699,Thesis,3-6,
MUSE 200W,Introduction to Museum Studies,4,
MUSE 497,Internship,1-6,
MUSE 499,Individual Study,1-6,
MUSE 697,Internship,3,
MUSE 699,Individual Study,1-6,
MUSP 101,Concert Choir,0-1,
MUSP 102,University Chorale,0-1,
MUSP 103,Chamber Singers,0-1,
MUSP 108,Contemporary Vocal Ensemble,0-1,
MUSP 111,Music Productions for the Stage and Screen,0-1,
MUSP 114,Vocal Ensemble,1,
MUSP 121,Wind Ensemble,0-1,
MUSP 122,Symphonic Band,0-1,
MUSP 123,University Orchestra,0-1,
MUSP 125,Jazz Ensemble,0-1,
MUSP 126,Contemporary Instrumental Ensemble,0-1,
MUSP 131,Maverick Machine Athletic Band,0-1,
MUSP 133,Percussion Ensemble,0-1,
MUSP 135,Theatre Orchestra,0-1,
MUSP 139,Instrumental Ensemble,0-1,
MUSP 151,Private Voice 1,"1,3",Permission of Instructor
MUSP 152,Introduction to Vocal Studies,1,
MUSP 154,Private Study Jazz,1,
MUSP 155,Private Piano 1,"1,3",Permission of instructor
MUSP 156,Private Harpsichord 1,"1,3",Permission of instructor
MUSP 157,Private Organ 1,"1,3",Permission of instructor
MUSP 161,Private Trumpet 1,"1,3",Permission of instructor
MUSP 162,Private Horn 1,"1,3",Permission of instructor
MUSP 163,Private Trombone 1,"1,3",Permission of instructor
MUSP 164,Private Euphonium 1,"1,3",Permission of instructor
MUSP 165,Private Tuba 1,"1,3",Permission of instructor
MUSP 171,Private Violin 1,"1,3",Permission of Instructor
MUSP 172,Private Viola 1,"1,3",Permission of Instructor
MUSP 173,Private Cello 1,"1,3",Permission of Instructor
MUSP 174,Private Double Bass 1	,"1,3",Permission of Instructor
MUSP 176,Private Classical Guitar 1,"1,3",Permission of Instructor
MUSP 177,Group Instruction in Guitar,3,
MUSP 178,Private Electric Guitar 1,"1,3",Permission of Instructor
MUSP 179,Private Electric Bass 1	,"1,3",Permission of Instructor
MUSP 181,Private Flute 1,"1,3",Permission of instructor
MUSP 182,Private Oboe 1,"1,3",Permission of instructor
MUSP 183,Private Clarinet 1	,"1,3",Permission of instructor
MUSP 184,Private Saxophone 1		,"1,3",Permission of instructor
MUSP 185,Private Bassoon 1	,"1,3",Permission of instructor
MUSP 186,Private Percussion 1	,"1,3",Permission of instructor
MUSP 190,Private Secondary Instrument,1,
MUSP 191,Private Instrument 1,"1,3",Permission of Instructor
MUSP 215,Collaborative Piano,1,
MUSP 301,Concert Choir,0-1, MUS 299
MUSP 302,University Chorale,0-1, MUS 299. Permission
MUSP 303,Chamber Singers,0-1,
MUSP 308,Contemporary Vocal Ensemble,0-1,
MUSP 311, Music Productions for the Stage and Screen,0-1,
MUSP 314,Vocal Ensemble,0-1,
MUSP 315,Collaborative Piano,1,
MUSP 316,Accompanying for Choral Music Education Majors,3,Permission of instructor
MUSP 317,Small Vocal Ensemble and Solo Accompanying,1,Permission of instructor
MUSP 321,Wind Ensemble,0-1,
MUSP 322,Symphonic Band,0-1,
MUSP 323,University Orchestra,0-1,
MUSP 325,Jazz Ensemble,0-1,
MUSP 326,Contemporary Instrumental Ensemble,0-1,
MUSP 331,Maverick Machine Athletic Band,0-1,
MUSP 333,Percussion Ensemble,0-1,
MUSP 335,Theatre Orchestra,1,
MUSP 339,Instrumental Ensemble,0-1,
MUSP 351,Private Voice 3,"1,3",Permission of Instructor
MUSP 355,Private Piano 3,"1,3",Permission of Instructor required. 
MUSP 356,Private Harpsichord 3,"1,3",Permission of Instructor required. 
MUSP 357,Private Organ 3,"1,3",Permission of Instructor required. 
MUSP 361,Private Trumpet 3,"1,3",Permission of Instructor
MUSP 362,Private Horn 3,"1,3",Permission of Instructor
MUSP 363,Private Trombone 3	,"1,3",Permission of Instructor
MUSP 364,Private Euphonium 3,"1,3",Permission of Instructor
MUSP 365,Private Tuba 3,"1,3",Permission of Instructor
MUSP 371,Private Violin 3,"1,3",Permission of instructor
MUSP 372,Private Viola 3,"1,3",Permission of instructor
MUSP 373,Private Cello 3	,"1,3",Permission of instructor
MUSP 374,Private Double Bass 3	,"1,3",Permission of instructor
MUSP 376,Private Classical Guitar 3,"1,3",Permission of instructor
MUSP 378,Private Electric Guitar 3	,"1,3",Permission of instructor
MUSP 379,Private Electric Bass 3,"1,3",Permission of instructor
MUSP 381,Private Flute 3,"1,3"," Upper Level Jury, and consent, permission of instructor."
MUSP 382,Private Oboe 3,"1,3",Permission of Instructor. 
MUSP 383,Private Clarinet 3,"1,3",Permission of Instructor. 
MUSP 384,Private Saxophone 3,"1,3",Permission of Instructor. 
MUSP 385,Private Bassoon 3,"1,3",Permission of Instructor. 
MUSP 386, Private Percussion 3,"1,3",Permission of Instructor. 
MUSP 391,Private Instrument 3 ,"1,3",Permission of Instructor required. 
MUSP 399,Junior Recital,0-1,
MUSP 498,Senior Capstone Project or Recital,0-1,
MUSP 601,Ensemble Practicum,1-4,
MUSP 651,Private Voice for Masters,"1,3",
MUSP 655,Private Piano for Masters,"1,3",
MUSP 661,Private Trumpet for Masters,"1,3",
MUSP 662,Private Horn for Masters,"1,3",
MUSP 663,Private Trombone for Masters,"1,3",
MUSP 664,Private Euphonium for Masters,"1,3",
MUSP 665,Private Tuba for Masters,"1,3",
MUSP 671,Private Violin for Masters	,"1,3",
MUSP 672,Private Viola for Masters,"1,3",
MUSP 673,Private Cello for Masters,"1,3",
MUSP 674,Private Double Bass for Masters,"1,3",
MUSP 676,Private Classical Guitar for Masters,"1,3",
MUSP 681,Private Flute for Masters,"1,3",
MUSP 682,Private Oboe for Masters,"1,3",
MUSP 683,Private Clarinet for Masters,"1,3",
MUSP 684,Private Saxophone for Masters,"1,3",
MUSP 685,Private Bassoon for Masters,"1,3",
MUSP 686,Private Percussion for Masters,"1,3",
MUSP 691,Private Instrument for Masters,"1,3",
MUSP 692,Seminar in Choral Conducting,1-3,
MUSP 694,Private Instruction in Choral Conducting,1-3,
MUSP 696,Seminar in Wind Band Conducting,1,
MUSP 697,Private Instruction in Wind Band Conducting,1-4,
MUSP 698,Graduate Capstone Project or Recital	,1-6,
NPL 273,Introduction to the Nonprofit Sector,3,
NPL 460,Administering Cultural Organizations,3,
NPL 473,Advanced Workshop in Nonprofit Leadership,3,
NPL 486,Fundraising for Nonprofits,3,
NPL 488,Financial Management for Nonprofits,3,
NPL 497,Internship: Nonprofit Leadership,3,
NPL 560,Administering Cultural Organizations,3,
NPL 586,Fundraising for Nonprofits,3,
NPL 588,Financial Management for Nonprofits,3,
NPL 673,Nonprofit Management and Leadership,3,
NPL 697,Internship: Nonprofit Leadership,3,NPL 673
NURS 236,Family & Societal Inquiry for Healthcare Professionals,3,"ENG 101, NURS 286"
NURS 282,Pathophysiology for Healthcare Professionals,3,BIOL 201 and BIOL 202 OR BIOL 220 and BIOL 330
NURS 284,Pharmacology for Healthcare Professionals,3,Minimum of a C in BIOL 220 and BIOL 330.
NURS 286,Relationship-Based Care,3,
NURS 310,Professional Nursing,3,
NURS 311,Physiologic Integrity I,4,
NURS 312,Pharmacology for Nurses,3,
NURS 313,Assessment and Nursing Procedures,4,
NURS 317,Nursing Simulation and Procedures I,1,
NURS 320W,Critical Inquiry and Evidence-based Practice for RNs,4,Prerequisites: RN licensure. Admission to the RN Baccalaureate Completion program.
NURS 350W,Critical Inquiry in Nursing,3,"NURS 310, NURS 311, NURS 312, NURS 313, NURS 317"
NURS 351,Physiologic Integrity II,5,"NURS 310, NURS 311, NURS 312, NURS 313, NURS 317"
NURS 353,Psychosocial Integrity,3,"NURS 310, NURS 311, NURS 312, NURS 313, NURS 317"
NURS 356,"Nursing Care of Families I: Perinatal, Sexual and Reproductive Health",3,"NURS 310, NURS 311, NURS 312, NURS 313, NURS 317"
NURS 357,Nursing Simulation and Procedures II,2,"NURS 310, NURS 311, NURS 312, NURS 313, NURS 317"
NURS 362,Family and Societal Nursing for RNs,4,Prerequisites: RN licensure. Admission to the RN Baccalaureate Completion program.
NURS 366,"Quality, Safety and Informatics in Healthcare",2,
NURS 382,Holistic Nursing Assessment and Practice,4,RN Licensure. Admission to the RN Baccalaureate Completion Program.
NURS 402,Psychosocial/Inter-professional Communication for RNs,4,
NURS 410,"Quality, Safety and Informatics in Healthcare",3,"NURS 350W, NURS 351, NURS 353, NURS 356, NURS 357"
NURS 411,Physiologic Integrity III,5,"NURS 350W, NURS 351, NURS 353, NURS 356, NURS 357"
NURS 413,Population Focused Care,3,"NURS 350W, NURS 351, NURS 353, NURS 356, NURS 357"
NURS 416,Family Transitions in Vulnerable Populations,2,"NURS 350W, NURS 351, NURS 353, NURS 356, NURS 357"
NURS 417,Nursing Simulation and Procedures III,1,"NURS 350W, NURS 351, NURS 353, NURS 356, NURS 357"
NURS 420,"Quality, Safety, Value and Informatics in Nursing Practice for RNs",4, NURS 320
NURS 426,Nursing Care of Families II: Pediatrics/Adolescent Health,3,"NURS 350W, NURS 351, NURS 353, NURS 356, NURS 357"
NURS 444,Healthcare Innovation and Entrepreneurship,4,NURS 286
NURS 445,Legal and Ethical Issues in Health Informatics,4,NURS 286
NURS 450,Nursing Leadership & Management,3,"NURS 410, NURS 411, NURS 413, NURS 416, NURS 417, NURS 426"
NURS 451,Physiologic Integrity IV,4,"NURS 410, NURS 411, NURS 413, NURS 416, NURS 417, NURS 426"
NURS 456,Societal and Global Health: Implications for Families in Crisis,2,"NURS 410, NURS 411, NURS 413, NURS 416, NURS 417, NURS 426"
NURS 457,Nursing Simulation and Procedures IV,1,"NURS 410, NURS 411, NURS 413, NURS 416, NURS 417, NURS 426"
NURS 458,Professional Role Integration,3,"NURS 450, NURS 451"
NURS 482W,Population-Based Public Health Practice for RNs,6.00                                    ,"NURS 320, NURS 382. RN Licensure. Admission to the RN Baccalaureate Completion program."
NURS 492,Nursing Capstone and Leadership for Baccalaureate Practice,4,"RN Licensure; NURS 320, NURS 362, NURS 382. RN Licensure.  Admission to the RN Baccalaureate Completion program."
NURS 499,Individual Study,1-5,
NURS 501,Health Fundamentals for Informatics and Analytics,4,
NURS 521,Socialization and Transition for Advanced Professional Nursing Roles,3,
NURS 523,Nursing Science Theory,3,
NURS 524,Advanced Healthcare Technology and Informatics,3,
NURS 525,"Advanced Pathophysiology, Pharmacology & Health Assessment",3,
NURS 552,Advanced Health Assessment and Clinical Reasoning,3-4                                     ,
NURS 553,Advanced Pharmacology,3,
NURS 554,Advanced Pathophysiology,3,
NURS 556,Advanced Practice Diagnostics and Procedures,1,
NURS 601,Nursing Science Theory,3,
NURS 602,"Ethical, Legal, and Professional Dimensions of Advanced Practice Nursing",3,
NURS 604,Evidence-Based Practice for APRNs,3,HLTH 675
NURS 607,Family Mental Health Nursing,3,
NURS 624,Evidence-Based Practice through Informatics and Analytics,3,
NURS 625,Data Informed Clinical Reasoning,3,
NURS 626,Health Informatics and Analytics in Clinical Practice,3,
NURS 630,Advanced Evidenced-Based Nursing Practice,3,
NURS 633,Family and Transcultural Nursing,3,
NURS 634,Advanced Professional Nursing Leadership in Organizations,3,
NURS 635,Health Promotion and Clinical Prevention,3,
NURS 641,Adult and Older Adult Health I,3,
NURS 642,Child and Adolescent Health,3,
NURS 643,Reproductive Health,2,
NURS 644,Adult and Older Adult Health II,3,
NURS 665,Advanced Practice Health Promotion Practicum,2,
NURS 668,"Nurse Practitioner Practice, Quality, and Safety",3,
NURS 670,Child/Adolescent Health and Reproductive Health Clinical I,2,
NURS 671,Child/Adolescent Health and Reproductive Health Clinical II,2,
NURS 675,Primary Care Clinical,1-7,"NURS 552, NURS 553, NURS 554"
NURS 681,Leadership Styles and Interprofessional Collaboration,3,
NURS 682,"Healthcare Policy, Finance, and Budget",3,
NURS 683,Quality Improvement and Safety,3,
NURS 684,Nursing Leadership Capstone,3,
NURS 685,Pedagogies for Teaching Nursing Practice,3,
NURS 686,"Curriculum Development, Assessment & Evaluation in Nursing",3,
NURS 687,Utilizing Technology in Nursing Education,3,
NURS 688,Nursing Education Practicum Capstone,3,
NURS 691,"Healthcare Provider Policy, Financing, and Collaboration",3,
NURS 692,Health Informatics and Analytics Practicum,3,
NURS 699,Thesis,1-4,
NURS 708,"Quality Improvement, Safety, and Risk Management for APNs",3,
NURS 709,Health Care Informatics and Data Management,2-3                                     ,
NURS 711,Health Care Policy and Organizational/Systems Leadership,3,
NURS 715,Scholarly Teaching and Learning,3,
NURS 719,Genetics and Genomics for Family Nursing,3,
NURS 741,DNP Project: Needs Assessment,2,
NURS 742,DNP Project: Implementation,3,
NURS 743,DNP Project: Evaluation & Dissemination,2,
PHIL 101W,Philosophical Problem: The Mind-Body Problem,3,
PHIL 110,Logic and Critical Thinking,3,
PHIL 112W,Scientific Reasoning,3,
PHIL 115W,"Philosophy of Race, Class and Gender",3,
PHIL 120W,Introduction to Ethics,3,
PHIL 205W,"Culture, Identity, and Diversity",3,
PHIL 222W,Medical Ethics,3,
PHIL 224W,Business Ethics,3,
PHIL 226W,Environmental Ethics,3,
PHIL 240W,"Law, Justice & Society",3,
PHIL 311,Symbolic Logic,3,
PHIL 321W,Social & Political Philosophy,3,
PHIL 322W,Ethical Theory,3,"Select one course: PHIL 120W, PHIL 222W, PHIL 224W, or PHIL 226W"
PHIL 323W,Philosophy of Economics,3,
PHIL 334W,History of Philosophy: Classical Philosophy,3,
PHIL 336W,History of Philosophy: Renaissance and Modern Philosophy,3,
PHIL 337,19th Century Philosophy,3,
PHIL 358W,Topics in Asian Philosophy,3,
PHIL 361,Philosophy of Religion,3,
PHIL 400,The Philosophy of Immanuel Kant,3,
PHIL 405,The Philosophy of Ludwig Wittgenstein,3,
PHIL 410,Philosophy of Language,3,
PHIL 420,Epistemology,3,
PHIL 430,Metaphysics,3,
PHIL 437,Contemporary Philosophy,3,
PHIL 440,Philosophy of Law,3,
PHIL 450,Special Topics,1-3,
PHIL 455,Existentialism & Phenomenology,3,
PHIL 460,Philosophy of the Arts,3,
PHIL 465,Philosophy of Film,3,
PHIL 474,Philosophy of the Mind,3,
PHIL 475,Philosophical Issues in Cognitive Science,3,
PHIL 476,Philosophy of Perception,3,
PHIL 477,Animal Minds,3,
PHIL 480,Philosophy of Science,3,
PHIL 481,Philosophy of Biology,3,
PHIL 482,Philosophy of Social Science,3,
PHIL 497,Philosophy-Cognitive Science Thesis,3,
PHIL 499,Individual Study,1-6,
PHIL 560,Philosophy of the Arts,3,
PHYS 101,Introductory Physics,3,
PHYS 150,Explorations in physics,1,
PHYS 211,Principles of Physics I,4,"Either MATH 112 and MATH 113, or MATH 115"
PHYS 212,Principles of Physics II,4, PHYS 211 
PHYS 221,General Physics I,4,
PHYS 222,General Physics II,3,MATH 121 with a “C” or better; PHYS 221 with a “C” or better.
PHYS 223,General Physics III,3,MATH 121 with a “C” or better; and PHYS 221 with a “C” or better
PHYS 232,General Physics II Laboratory,1, PHYS 221 with a “C” or better; and PHYS 222 or concurrent.
PHYS 233,General Physics III Laboratory,1, PHYS 221 with a “C” or better; and PHYS 223 or concurrent.
PHYS 335,Modern Physics I,3, MATH 122; (PHYS 222 and concurrently with PHYS 223) or PHYS 212. 
PHYS 336,Modern Physics II,3, PHYS 335 
PHYS 381,Tutoring Physics,1-3, Consent 
PHYS 417,Biophysics,2," MATH 121, PHYS 212 or PHYS 222 "
PHYS 441,Mechanics,4, PHYS 222 or PHYS 223; and MATH 321 or consent. 
PHYS 447,Electricity & Magnetism I,3, MATH 223 and MATH 321 and PHYS 222 
PHYS 448,Electricity & Magnetism II,3, PHYS 223 and PHYS 447 
PHYS 453,Solid State Physics,3, PHYS 335 
PHYS 457,Optics,3, MATH 122 and PHYS 223
PHYS 461,Quantum Mechanics,4," PHYS 335, PHYS 441, MATH 247, MATH 321 "
PHYS 465,Computer Applications in Physics,3,"CIS 121, MATH 122. Select one PHYS 222 or PHYS 223"
PHYS 473,Statistical Physics,3, MATH 321 and PHYS 223 
PHYS 475,Advanced Laboratory,2, PHYS 336 or consent 
PHYS 475W,Advanced Laboratory,3, PHYS 336 or consent
PHYS 482,Teaching Methods and Materials in Physical Science,4," one year of chemistry and one year of physics, or consent "
PHYS 492,Seminar,1, Completed at least two upper division physics courses. 
PHYS 493,Undergraduate Research,1-6, Consent 
PHYS 495,Selected Topics,, PHYS 335 and PHYS 336 
PHYS 497,Internship,, Usually Sr. standing 
PHYS 499,Individual Study,1-8, Consent 
PHYS 517,Biophysics,2,
PHYS 541,Mechanics,4,
PHYS 547,Electricity & Magnetism I,3,
PHYS 548,Electricity & Magnetism II,3,
PHYS 553,Solid State Physics,3,
PHYS 557,Optics,3,
PHYS 561,Quantum Mechanics,4,
PHYS 565,Computer Applications in Physics,3,
PHYS 573,Statistical Physics,3,
PHYS 575,Advanced Laboratory,3,
PHYS 582,Teaching Methods and Materials in Physical Science,4,
PHYS 595,Selected Topics,,
PHYS 607,Intro to Research,2,
PHYS 640,Mathematical Methods for Physicists,3,
PHYS 650,Classical Mechanics,3,
PHYS 660,Quantum Mechanics,3,
PHYS 670,Electricity and Magnetism,3,
PHYS 675,Selected Topics,,
PHYS 677,Individual Study,,
PHYS 692,Seminar,1,
PHYS 694,Alternate Plan Paper,1-2,
PHYS 695,Research,,
PHYS 696,Independent Reading,,
PHYS 698,Internship,,
PHYS 699,Thesis,1-6,
POL 100,Introduction to Politics,4,
POL 101,Introduction to Public Life,4,
POL 103W,Thinking About Politics,4,
POL 104,Understanding the U.S. Constitution,4,
POL 106,Politics in the World Community,4,
POL 111,United States Government,4,
POL 201,Issues in Politics,,
POL 221,Quantitative Methods in the Social Sciences,4,
POL 231,World Politics,4,
POL 234,Model United Nations,4,
POL 241,Introduction to Comparative Politics,4,
POL 260,Introduction to Public Policy and Administration,4,
POL 271,State & Local Government,4,
POL 311,Ancient & Medieval Political Philosophy,4,
POL 312,Early Modern Political Philosophy,4,
POL 313,Modern Political Philosophy,4,
POL 321,Democracy and Citizenship,4,
POL 361,Public Budgeting,4,
POL 410,Topics in Political Philosophy,1-4,
POL 414,Early United States Political Thought,4,
POL 415,Recent United States Political Thought,4,
POL 420,Topics in Participation and Behavior,1-4,
POL 422,Campaigns & Elections,4,
POL 423,Political Parties,4,
POL 424,Women & Politics,4,
POL 426,Racial and Ethnic Politics,4,
POL 427,Political Psychology,4,
POL 428,"Media, Entertainment, & Politics",4,
POL 430,Topics in International Relations,1-4, POL 231
POL 431,International Relations,4, POL 231
POL 433,International Organization,4, POL 231
POL 434,United States Foreign Policy,4, POL 231
POL 435,"Capitalism, Nationalism, and Democracy",4, POL 241
POL 436,International Political Economy,4, POL 231
POL 437,International Conflict Resolution,4, POL 231
POL 438,International Relations of East Asia,4,
POL 439,Comparative Social Policy: The Welfare State in Europe and the Americas,4, POL 241
POL 440,Topics in Comparative Politics,1-4,POL 241
POL 441,Russia & Neighboring States Politics,4, POL 241
POL 442,South Asia: Politics & Policy,4, POL 241
POL 443,Middle East Politics,4,POL 241
POL 444,Conflict and Development in Latin America,4,POL 241
POL 445,Asian Pacific Rim: Politics & Policy,4, POL 241
POL 446,African Politics,4, POL 241
POL 447,European Democracies,4, POL 241
POL 448,Political Development & Change,4, POL 241
POL 450,Topics in Public Law,1-4,
POL 451,Administrative Law,4,
POL 453,Constitutional Law,4,
POL 454,Civil Liberties,4,
POL 455,American Legal Philosophy,4,
POL 460,Topics in Public Policy/Administration,1-4,
POL 461,Environmental Politics,4,
POL 462,Collective Bargaining: Public Sector,4,
POL 463,Public Personnel Administration,4,
POL 465,Food and Agriculture Policy,4,
POL 466,Entertainment and Public Policy,4,
POL 467,Housing and Health Policy,4,
POL 470,Topics in Institutions & Process,1-4,
POL 471,Public Opinion and Polling Methods,4,
POL 473,United States Congress,4,
POL 474,The Presidency of the United States,4,
POL 475,Judicial Process,4,
POL 476,Southern Politics,4,
POL 491,Internship,,
POL 492,Individual Study,1-5,
POL 510,Topics in Political Philosophy,,
POL 514,Early United States Political Thought,3,
POL 515,Recent United States Political Thought,3,
POL 520,Topics in Participation & Behavior,,
POL 522,Campaigns & Elections,3,
POL 523,Political Parties,3,
POL 524,Women & Politics,3,
POL 525,Terrorism and Political Violence,3,
POL 526,Racial and Ethnic Politics,3,
POL 527,Political Psychology,3,
POL 530,Topics in International Relations,,
POL 531,International Relations,3,
POL 533,International Organization,3,
POL 534,United States Foreign Policy,3,
POL 535,"Capitalism, Nationalism, and Democracy",3,
POL 536,International Political Economy,3,
POL 537,International Conflict Resolution,3,
POL 538,International Relations of East Asia,3,
POL 539,Comparative Social Policy: The Welfare State in Europe & the Americas,3,
POL 540,Topics in Comparative Politics,,
POL 541,Russia & Neighboring States Politics,3,
POL 542,South Asia: Politics & Policy,3,
POL 543,Middle East Politics,3,
POL 544,Conflict and Development in Latin America,3,
POL 545,Asian Pacific Rim: Politics and Policy,3,
POL 546,African Politics,3,
POL 547,European Democracies,3,
POL 548,Political Development & Change,3,
POL 550,Topics in Public Law,,
POL 551,Administrative Law,3,
POL 553,Constitutional Law,3,
POL 554,Civil Liberties,3,
POL 555,American Legal Philosophy,3,
POL 560,Topics in Public Policy/Administration,,
POL 561,Environmental Politics,3,
POL 562,Collective Bargaining: Public Sector,3,
POL 563,Public Personnel Administration,3,
POL 565,Food and Agriculture Policy,3,
POL 566,Entertainment and Public Policy,3,
POL 567,Housing and Health Policy,3,
POL 570,Topics in Institutions & Process,,
POL 571,Public Opinion and Polling Methods,3,
POL 573,Legislative Process,3,
POL 574,The Presidency of the United States,3,
POL 575,Judicial Process,3,
POL 576,Southern Politics,3,
POL 606,Organizational Theory,3,
POL 610,Seminar: American Politics,3,
POL 612,Public Administration Research and Analysis,,
POL 620,Seminar: Comparative Government,3,
POL 621,Seminar: Comparative Social Policy,3,
POL 622,Seminar: Theory & Practice of Public Administration,3,
POL 650,Ethics and Values in Public Administration,3,
POL 660,Seminar: Public Administration,3,
POL 662,Human Resource Management,3,
POL 663,Budget & Fiscal Management,3,
POL 672,Seminar: Public Safety Crisis Leadership and Communications,3,
POL 673,"Seminar: Public Safety Leadership Laws, Ethical Conduct, and Diversity",3,
POL 680,Seminar: State-Urban Governance,3,
POL 691,Internship,,
POL 692,Individual Study,,
POL 693,Research and Writing Capstone,3,
POL 694,Alternate Plan Paper,,
POL 695,Topics in Public Administration,,
POL 696,Pre-doctoral Capstone,,
POL 699,Thesis,,
PSYC 101,Introduction to Psychological Science,4,
PSYC 103W,Psychology Today,3,
PSYC 150,Science of Learning for College Student Success,2,
PSYC 201,Statistics for Psychology,4,"Complete one course: MATH 112, MATH 113, MATH 115, MATH 121, MATH 130, or STAT 154"
PSYC 202,Careers in Psychology,1,
PSYC 205,Psychology of Sexual Health,4,
PSYC 206,Introduction to Cognitive Science,4,
PSYC 211W,Research Methods and Design,4, Must have a minimum total cumulative GPA of 2.70 or instructor permission to enroll; PSYC 201
PSYC 219,Psychology of Diversity and Inclusion,4,
PSYC 230,Child Care Psychology,3,
PSYC 240,Personal Adjustment,3,
PSYC 291,Tutoring Psychology,, PSYC 101 
PSYC 303,Introduction to Clinical Psychology,3,
PSYC 304,Introduction to School Psychology,2,
PSYC 321,Introduction to Brain and Behavior,4, PSYC 201
PSYC 325,Introduction to Cognitive Psychology,4," either Psy 101 OR Psy 206, not both"
PSYC 340,Introduction to Social Psychology,4, PSYC 101 
PSYC 343,Introduction to Developmental Psychology,4, PSYC 101 
PSYC 358,Introduction to Cultural Psychology,4,
PSYC 363,Introduction to Industrial/Organizational Psychology,4,
PSYC 389,Psychology and the Law,3,
PSYC 398,CPT: Co-Operative Experience,0, PSYC 101. At least 60 credits earned; in good standing; instructor permission; co-op contract; other prerequisites may also apply.
PSYC 401,Clinical Sexuality,4,
PSYC 409,History and Systems,4,PYSC 211w
PSYC 410,Communicating Psychological Science,4,"PSYC 201, PSYC 211W"
PSYC 413,Sensation & Perception,4, PSYC 201
PSYC 414,Learning,4, PSYC 101
PSYC 415,Human Memory,4, PSYC 211W
PSYC 417,Advanced Topics in Cognitive Psychology,," PSYC 325, PSYC 414, PSYC 415 (ONE course from that list, not all 3)"
PSYC 419,Psychometric Theory,4, PSYC 211W 
PSYC 420,Psychopharmacology,4, PSYC 211W 
PSYC 421,Behavioral Neuroscience,4,"PSYC 201, PSYC 211W"
PSYC 423,Cognitive Neuroscience,4," PSYC 211W, PSYC321"
PSYC 430,Advanced Topics in Biological Psychology,4," PSYC 211W, PSYC 321"
PSYC 432, Advanced Topics in Developmental Psychology,," Psyc 433, Psyc 436, Psyc 343, Psyc 466: One course from this list, not all 4"
PSYC 433,Child Psychology,4, PSYC 101 
PSYC 436,Adolescent Psychology,4,
PSYC 442,Group Psychology,3, PSYC 101 
PSYC 443,Advanced Social Psychology,4," PSYC 211W, PSYC 340 or PSYC 358 "
PSYC 445,Advanced Topics in Social Psychology,," PSYC 340, PSYC 358, PSYC 455, PSYC 460W (ONE course from list, not all 4)"
PSYC 450,Advanced Cognitive Psychology,4," PSYC 211W, PSYC 325"
PSYC 455,Abnormal Psychology,4,PSYC 101
PSYC 456,Clinical Assessment,4,
PSYC 457,Clinical Interventions,4,
PSYC 460W,Psychology of Women,3, PSYC 101 
PSYC 461,Marketing Psychology,3, 8 PSYC credits 
PSYC 466,Psychology of Aging,4,PSYC 101
PSYC 476,Introduction to Applied Behavior Analysis,4, PSYC 211W 
PSYC 478,Health Psychology,4, Three courses in PSYC 
PSYC 485,Topics in Applied Psychology,, PSYC 101 
PSYC 489,Advanced Topics,,
PSYC 490,Workshop,,
PSYC 496,Laboratory Research in Psychology,2,PYSC 211W
PSYC 497,Field Experience,1-8,PYSC 211W
PSYC 499,Individual Study,1-4,
PSYC 509,History and Systems,4,
PSYC 514,Learning,4,
PSYC 515,Human Memory,4,
PSYC 520,Psychopharmacology,4,
PSYC 521,Behavior Neuroscience,4,
PSYC 533,Child Psychology,4,
PSYC 536,Adolescent Psychology,4,
PSYC 542,Group Psychology,3,
PSYC 543,Advanced Social Psychology,3,
PSYC 550,Advanced Cognitive Psychology,4,
PSYC 555,Abnormal Psychology,4,
PSYC 560,Psychology of Women,3,
PSYC 561,Marketing Psychology,3,
PSYC 566,Psychology of Aging,4,
PSYC 578,Health Psychology,4,
PSYC 581,Teaching Internship,1-4,
PSYC 585,Topics in Applied Psychology,1-4,
PSYC 590,Workshop,1-3,
PSYC 601,Survey of Psychology,3,
PSYC 605,Motivation,3,
PSYC 609,Industrial/Organizational Psychology Internship,1-4,
PSYC 610,Research Design & Statistics,4,
PSYC 613,Behavioral Research Methodology,4,
PSYC 618,Multivariate Analysis,4,
PSYC 619,Psychometric Theory,4,
PSYC 623,Seminar Topics III,3,
PSYC 624,Seminar Topics IV,4,
PSYC 633,Job Analysis & Performance Appraisals,3,
PSYC 642,Group Psychology,3,
PSYC 643,I-O Seminar,1,
PSYC 660,Employee Selection,3,
PSYC 661,Workplace Diversity and Inclusion,2,
PSYC 662,Organization Development,3,
PSYC 663,Field Research in I-O,2,
PSYC 676,Advanced Applied Behavior Analysis,4,
PSYC 680,Portfolio,1-4,
PSYC 682,Child Psychopathology,3,
PSYC 683,Behavioral Assessment and Case Formulation,4,
PSYC 689,Standards and Ethics,3,
PSYC 694,Alternate Plan Paper,1-3,
PSYC 699,Thesis,3-6,
PSYC 701,"Problem Solving, Prevention, and Systems in School Psychology",4,
PSYC 702,Field Experience I,1,
PSYC 705,Foundations of Academic Assessment,4,
PSYC 710,Cognitive Assessment,4,
PSYC 720,Academic Problem Solving,4,
PSYC 725,Consultation and Prevention,4,
PSYC 737, Supporting Diverse Students and Families,4,
PSYC 740,Systems-Level Support and Evaluation,4,
PSYC 750,School Psychology Practicum I,3,
PSYC 751,School Psychology Practicum II,3,
PSYC 760,Advanced Doctoral Practicum: Academic Case Study,2,
PSYC 761,Advanced Doctoral Practicum II,2,
PSYC 762,Advanced Doctoral Practicum II (Intl),2,
PSYC 770,Child Mental Health: Assessment to Intervention,4,
PSYC 775,Behavioral Interventions,4,
PSYC 776,Pediatric Neuropsychology,4,
PSYC 780,Research in School Psychology,2,
PSYC 795,Internship,2-8,
PSYC 799,Dissertation,1-8,
REHB 110W,Sensitivity to Disability,3,
REHB 619,Psychosocial Aspects of Disability,3,
REHB 640,Theory in Rehabilitation,3,
REHB 651,Rehabilitation Counseling Techniques,3,
RPLS 100,Introduction to Recreation and Parks Leadership Studies,3,
RPLS 175,Natural Resources and Conservation in RPLS,3,
RPLS 276,Recreation Leadership,3,
RPLS 293,"Leisure, Recreation, Play, and Well-Being",3,
RPLS 325,Experiential Education and Outdoor Programming,3,
RPLS 341W,Research Methods in RPLS,3,
RPLS 350,Methods of Interpretation in RPLS,3,
RPLS 365,Commercial Recreation and Tourism,3,
RPLS 373,Operations and Facility Management in RPLS,3,
RPLS 376,Program Planning in RPLS,3,
RPLS 393W,"Advancing Diversity, Equity, and Inclusion in RPLS",3,
RPLS 450,Therapeutic Recreation Techniques,3,
RPLS 451,RPLS Across the Lifespan,3,
RPLS 460,Sustainable Tourism,3,
RPLS 465,Event Planning and Design,3,
RPLS 466,Event Implementation and Evaluation,3,
RPLS 473,Recreation Management II-Fiscal Resources,3,"RPLS 272, RPLS 373, or with instructor permission. Upper division prerequisites can be taken concurrently with instructor permission."
RPLS 475,Public Land Use Policies,3,
RPLS 476,Advanced Leadership in RPLS,3,
RPLS 478,Multicultural Perspectives in Outdoor Recreation,3,
RPLS 479,Field Techniques in Cultural and Natural Resource Management,3,
RPLS 481,Park Planning,3,
RPLS 483,Personnel Leadership in RPLS,3,
RPLS 493,History and Philosophy in RPLS,3,
RPLS 495,Senior Internship,9.00                                    ,All required RPLS courses completed with a 'C' or better.
RPLS 497,Internship,1-8,
RPLS 565,Event Management,3,
RPLS 573,Recreation Management II-Fiscal Resources,3,
RPLS 582,Leisure and Older Adults,3,
RPLS 583,Recreation Management III: Human Resources,3,
RPLS 697,Internship,1-6,
SCAN 101,Elementary Norwegian I,4,
SCAN 102,Elementary Norwegian II,4, SCAN 101 
SCAN 111,Elementary Swedish I,4,
SCAN 112,Elementary Swedish II,4, SCAN 111 
SCAN 150W,The Nordic Countries: Interdisciplinary Introduction,4,
SCAN 250,Selected Topics,1-4,
SCAN 251W,Scandinavian Cultures: The Sami,4,
SCAN 280W,Parallel Worlds: Exploring Cultures & Symbols,4,
SCAN 292,Intermediate Norwegian I,4, SCAN 102 or equivalent. 
SCAN 293,Intermediate Norwegian II,4, SCAN 102 or equivalent
SCAN 294,Intermediate Swedish I,1-4, SCAN 112 or equivalent 
SCAN 295,Intermediate Swedish II,1-4, SCAN 112 or equivalent 
SCAN 299,Individual Study,1-4,
SCAN 350,Vikings & Norse Mythology,4,
SCAN 450,Special Topics,1-4,
SCAN 451,Scandinavian Crime Fiction,4,
SCAN 452,Nordic Explorers,4,
SCAN 460,Topics in Scandinavian Film,4,
SCAN 490,Major Project in Scandinavian Studies,3, Admission to college as Scandinavian Studies Major. 
SCAN 499,Individual Study,1-4, SCAN 299 or SCAN 299 
SE 300,Software Engineering Academy Project,3,Admission to the program.
SE 301,(Core): Introduction to Software Engineering,2,Admission to the program.
SE 302,(Core): Introduction to Software Quality and Testing,2,23174
SE 303,(Core): Introduction to Context-aware Software Practices,2,23175
SE 304,Preparation for Self-directed Study in Software Engineering,2,Admission to the program.
SE 311W,SE Professionalism 1,2,SE 300
SE 312W,SE Professionalism 1,2,"SE 311W, SE 391"
SE 391,Software Engineering Project 1,4,"SE 300, SE 301, SE 303"
SE 392,Software Engineering Project 2,4,"SE 311W, SE 391"
SE 401,Topics in Software Requirements,2,"SE 300, SE 301, SE 303"
SE 402,"Topics in Software Testing, Measurement, and Quality",2,"SE 300 SE 301 SE 302, SE 303"
SE 403,Topics in Software Architecture and Design,2,"SE 300. SE 301, SE 303"
SE 404,"Topics in Software Process, Life Cycle, and Sustainability",2,"SE 300, SE 301, SE 303"
SE 411W,SE Professionalism 3,2,"SE 312W, SE 392"
SE 412W,SE Professionalism 4,2,"SE 411W, SE 491"
SE 480,Topics in Software and Systems Engineering,2,"SE 300, SE 301, SE 303"
SE 491,Software Engineering Capstone 1,4,"SE 312W, SE 392. Senior standing in SE program and at least 12 credits earned in SE technical cores and electives."
SE 492,Software Engineering Capstone 2,4,"SE 411W, SE 491"
SE 495,Software Engineering Seminar,1,Admission to the program.
SOC 101,Introduction to Sociology,4,
SOC 150,Social Problems,4,
SOC 202,Introductory Social Statistics,4,
SOC 208,Families in Society,4,
SOC 209,Sociology of Human Sexualities,4,
SOC 214W,Animals and Society,4,
SOC 241,Social Deviance,4,
SOC 255,Juvenile Delinquency,4,
SOC 285,Selected Topics in Sociology,4,
SOC 285W,Selected Topics in Sociology,4,
SOC 301W,Social Research I,4,
SOC 307,Sex & Gender in Contemporary Society,4,
SOC 325,Sociology of Popular Culture,4,
SOC 351,Social Psychology,4,
SOC 360,Indigenous Peoples and Environmental Struggles,4,
SOC 402,Medical Sociology,4,
SOC 404,Sociology of Aging,4,
SOC 405,Sociology of Death,4,
SOC 407,Population Dynamics,4,
SOC 409,Family Violence,4,
SOC 417,Program Administration,4,
SOC 420,Identity Work in Women's Reentry Experiences,4,
SOC 425,Social Movements,4,
SOC 430,Sociology of Globalization,4,
SOC 442,Criminology,4,
SOC 446,"Race, Culture & Ethnicity",4, SOC 101 
SOC 458,Sociological Theory,4,
SOC 460,Environmental Sociology,4,
SOC 461,Urban Sociology,4,
SOC 463,Social Stratification,4,
SOC 466,Program Planning and Evaluation,4,
SOC 469,Survey Research,4,
SOC 472,Drugs and Society,4,
SOC 479,Sociological Ethnography,4,
SOC 480,Qualitative Methods,4,
SOC 482,Social Change,4,
SOC 483,Contemporary Families,4,
SOC 484,Sociology of Religion,4,
SOC 485,Selected Topics,,
SOC 490,Workshop,1-3,
SOC 492,Honors Reading,1,
SOC 493,Community Engaged Research,4, SOC 301W or equivalent; Senior Standing. 
SOC 497,Internship: Sociology,1-12, Consent 
SOC 499,Individual Study,, Consent 
SOC 502,Medical Sociology,3,
SOC 504,Sociology of Aging,3,
SOC 505,Sociology of Death,3,
SOC 507,Population Dynamics,3,
SOC 509,Family Violence,3,
SOC 517,Program Administration,3,
SOC 520,Identity Work in Women's Reentry Experiences,3,
SOC 523,Complex Organizations,3,
SOC 525,Social Movements,3,
SOC 530,Sociology of Globalization,3,
SOC 542,Criminology,3,
SOC 546,"Race, Culture & Ethnicity",3,
SOC 558,Sociological Theory,3,
SOC 560,Environmental Sociology,3,
SOC 561,Urban Sociology,3,
SOC 563,Social Stratification,3,
SOC 566,Program Planning and Evaluation,3,
SOC 569,Survey Research,3,
SOC 579,Sociological Ethnography,3,
SOC 580,Qualitative Methods,3,
SOC 582,Social Change,3,
SOC 583,The Family and Society,3,
SOC 584,Sociology of Religion,3,
SOC 585,Selected Topics,,
SOC 590,Workshop,,
SOC 593,Community Engaged Research,3,
SOC 600,Proseminar,3,
SOC 601,Topics in Sociology,,
SOC 602,Seminar: Social Organization,3,
SOC 603,Seminar: Social Psychology,3,
SOC 604,Seminar: Social Statistics,3,
SOC 605,Seminar: Social Research,3,
SOC 606,Seminar in Sociological Theory,3,
SOC 607,Program Evaluation,3,
SOC 608,Seminar in Social Inequality,3,
SOC 610,Teaching Sociology at the College Level,3,
SOC 677,Individual Study,,
SOC 694,Alternate Plan Paper,1-2,
SOC 695,Internship: Human Services,1-6,
SOC 696,Internship: College Teaching,1-6,
SOC 697,Internship: Sociology,1-12,
SOC 699,Thesis,1-3,
SOST 200,Introduction to Social Studies Teaching,2,
SOST 299,Individual Study,1-6,
SOST 450,Teaching Social Studies Secondary School,4, Concurrently with KSP 440
SOST 499,Individual Study,1-8,
SOWK 212,Introduction to Social Work,4,
SOWK 215,Introduction to Social Welfare Services,4,
SOWK 215W,Introduction to Social Welfare Services,4,
SOWK 255,Global Responses to Human Need,3,
SOWK 310,Human Behavior in the Social Environment,4,SOWK 212 AND  SOWK 215 OR SOWK 215W
SOWK 316,Professional Skill Development in Social Work,4,"SOWK 212, SOWK 215"
SOWK 410,Social Welfare Policy,4,"SOWK 212, SOWK 310. Select one course from SOWK 215 or SOWK 215W."
SOWK 415,Child-Family Welfare Services,3,
SOWK 417,Co-morbidity of Mental Health & Substance Use Disorders in Social Work,3,
SOWK 419,Social Work and Aging,3,
SOWK 422,Social Work and Chemical Dependency,3,
SOWK 425,Social Work in Health Care Setting,3,
SOWK 427,Social Work Response to Intimate Partner Violence,3,
SOWK 430,Social Work in the School Setting,3,
SOWK 432,Social Work and Disabilities,3,
SOWK 435,Applied Social Work Research,4,"Select one course from STAT 154, PSYC 201, SPC 202, ECON 207, HLTH 475. Or other statistics course as approved by BSSW Program Advisor."
SOWK 441,Generalist Social Work Practice,4,Admission to the BSSW Program/major. Permission to register given by BSSW Program.
SOWK 443,Social Work Interviewing and Counseling Skills,4,SOWK 441. Permission to register given by BSSW Program.
SOWK 446,Organizations and Community Practice,4,SOWK 441. Permission to register given by BSSW Program.
SOWK 450,Integrative Seminar,4," SOWK Foundation, Practice Sequence, and permission"
SOWK 455,Social Work Practicum,8," SOWK Foundation, Practice Sequence, and permission"
SOWK 497,Internship: Social Work,1-10,
SOWK 515,Child-Family Welfare Services,3,
SOWK 517,Co-morbidity of Mental Health & Substance Use Disorders in Social Work,3,
SOWK 519,Social Work and Aging,3,
SOWK 522,Social Work and Chemical Dependency,3,
SOWK 525,Social Work Health Care Setting,3,
SOWK 527,Social Work and Intimate Partner Violence,3,
SOWK 530,Social Work in the School Setting,3,
SOWK 532,Social Work and Disabilities,3,
SOWK 601,Foundations of Generalist Social Work Practice,3,
SOWK 603,Human Behavior in the Social Environment,3,
SOWK 605,Social Welfare Policy and Services,3,
SOWK 609,Culturally Responsive Communication in Social Work Practice,3,
SOWK 611,Macro Social Work Theory and Practice,3,
SOWK 615,Foundation Practicum and Seminar I,5,
SOWK 625,Foundation Practicum and Seminar II,5,
SOWK 629,Foundations of Applied Social Work Research,3,
SOWK 650,Advanced Standing Preparation Seminar,3,
SOWK 651,Advanced Social Work Practice with Individuals,3,
SOWK 653,Advanced Child Welfare Practice,3,
SOWK 655,Social Welfare Policy Practice,3,
SOWK 660,Advanced Social Work Practice with Couples and Families,3,
SOWK 661,Social Work Planning and Administration,3,
SOWK 663,Advanced Social Work Practice with Groups,3,
SOWK 665,Advanced Practicum and Seminar I,5,
SOWK 667,"Clinical Social Work Practice with Infants, Children, and Adolescents",4,
SOWK 669,Advanced Social Work Evaluation,3,
SOWK 675,Advanced Practicum and Seminar II,5,
SOWK 697,Internship: Social Work,1-10,
SPAN 101,Elementary Spanish I,4,
SPAN 102,Elementary Spanish II,4, SPAN 101 or equivalent 
SPAN 201,Intermediate Spanish I,4, one year university level Spanish or equivalent 
SPAN 202,Intermediate Spanish II,4, one year university level Spanish or equivalent 
SPAN 210W,Composition and Conversation Workshop,4,
SPAN 250,Spanish Through Latin Dancing,4,
SPAN 256,Individual Study Abroad: Supervised Project,1-6,
SPAN 280W,Parallel Worlds: Exploring Cultures & Symbols,4,
SPAN 293,Individual Study Abroad: Intermediate Spanish I,1-6, One year university level Spanish or equivalent 
SPAN 294,Individual Study Abroad: Intermediate Spanish II,1-6, One year university level Spanish or equivalent 
SPAN 301,Topics in Language,1-4, Two years of university level Spanish or equivalent 
SPAN 310,Conversation,1-4,
SPAN 311W,Composition Workshop for Heritage/Bilingual Speakers,4,
SPAN 350,Topics in Hispanic Cultures,4,Two years of university-level Spanish or proof of equivalent proficiency.
SPAN 355,Spanish Cultures,1-4, Two years university level Spanish or equivalent 
SPAN 356,Latin American Cultures,1-4, Two years university level Spanish or equivalent 
SPAN 365,Selected Readings,1-4, Two years university level Spanish or equivalent 
SPAN 393,Individual Study Abroad: Advanced Spanish I,1-6, Two years university level Spanish or equivalent 
SPAN 394,Supervised Study Abroad: Advanced Spanish II,1-6, Two years university level Spanish or equivalent 
SPAN 395,Individual Study Abroad: Readings in Hispanic Literature,1-6,
SPAN 396,Experiencing Diverse Cultures,1-3," SPAN 201, SPAN 202"
SPAN 401,Topics in Linguistics,1-4, Completion of 4 credits of 300 level or equivalent 
SPAN 402,Topics in Spanish Peninsular Literature,1-4, Completion of 4 credits of 300 level or equivalent 
SPAN 403W,Topics in Spanish American Literature,1-4, Completion of 4 credits of 300 level or equivalent 
SPAN 405,Topics in Hispanic Literatures,4,Completion of 4 credits of 300 -level or equivalent proficiency level.
SPAN 407,Topics in Translation,1-4,
SPAN 450,Spanish for the Professions,4,
SPAN 492,Independent Study,1-3," Completion of eight 300-level credits, or equivalent "
SPAN 493,Individual Study Abroad: Topics in Language and Linguistics,1-6, Two years university level Spanish 
SPAN 494,Individual Study Abroad: Topics in Spanish American Literature,1-6, Two years university level Spanish 
SPAN 495,Individual Study Abroad: Topics in Spanish Peninsular Literature,1-6, Two years university level Spanish 
SPAN 496,Individual Study Abroad: Topics in Spanish American Culture,1-6, Two years university level Spanish 
SPAN 497,Individual Study Abroad: Topics in Spanish Peninsular Culture,1-6,
SPAN 498,Internship: Spanish for the Professions,1-4,
SPAN 499,Individual Study,1-4," completion of eight 300-level credits, or equivalent "
SPAN 600,"Research, Resources and Writing",3,
SPAN 601,Topic Spanish Language/Linguistics,1-4,
SPAN 602,Topic Peninsular Culture,1-4,
SPAN 603,Topics in Spanish American Culture,1-4,
SPAN 604,Topic: Peninsular Spanish Literature,1-4,
SPAN 605,Topics in Spanish American Literature,1-4,
SPAN 631,Writing Workshop for the Professions,3,
SPAN 632,Translation Workshop I,3,
SPAN 634,Editing and Document Preparation,3,
SPAN 635,Workshop on Advanced Spanish Grammar,3,
SPAN 641,Topics in Cultural Readings and Analysis,3,
SPAN 642,Pragmatics,3,
SPAN 643,Cultural Practices of Spain and the Americas,3,
SPAN 645,Applied Project for the Professions,3,
SPAN 652,Oral Reasoning Workshop,3,
SPAN 653,Interpretation Workshop,3,
SPAN 654,Digital Communications Workshop for the Professions,3,
SPAN 655,Workshop on Spanish Pronunciation and Phonetics,3,
SPAN 677,Individual Study,,
SPAN 690,Spanish for the Professions Portfolio,1,
SPAN 692,Independent Study,,
SPAN 694,Alternate Plan Paper,,
SPAN 697,Internship: Community College Option,,
SPAN 698,Spanish for the Professions Internship,1-3,
SPAN 699,Thesis,3-6,
SPED 320,Culturally and Linguistically Sustaining Practices Seminar 1,1,
SPED 321,Culturally and Linguistically Sustaining Practices Seminar 2,1,
SPED 322,Culturally and Linguistically Sustaining Practices Seminar 3,1,
SPED 323,Culturally and Linguistically Sustaining Practices Seminar 4,1,
SPED 324,Accessing the general education curriculum,2,
SPED 333,Transition Plan/Secondary Methods for Students w/Mild Moderate Disabilities,4,
SPED 401,IEP Writing and Professional Practice,4,
SPED 404,Instructional Decision Making,4,
SPED 405,Individuals with Exceptional Needs,3,
SPED 406,Strategies for Teaching Learners with Special Needs: Reading & Writing,4,
SPED 407,Positive Behavioral Interventions and Supports,3,
SPED 408,Individuals with Diverse and Exceptional Needs,4,
SPED 409,Learning and Human Development for Diverse Learners,4,
SPED 410,"Assessment, Evaluation, and Individualized Planning for Diverse Learners",4,
SPED 411,Effective Strategies for the Inclusive Classroom,4,
SPED 412,"Due Process, Planning & Design of the Individual Education Program",4,
SPED 413,Professional Growth and Development for Teachers of Diverse Learners,4,
SPED 414,Literary Methods for an Inclusive Classroom: Diverse Learners,4,
SPED 422,Strategies for Teaching Learners with Special Needs: Math and Science,4,
SPED 425,Foundations of ASD and EBD,4,
SPED 426,ASD and EBD Methods,4,
SPED 427,Assessment and Data-based decision making in Special Education,4,
SPED 428,Emotional and Behavioral Disorders methods,4,
SPED 429,Autism Spectrum Disorders methods,4,
SPED 430,Student teaching: Emotional and Behavioral Disorders,3,
SPED 431,Student Teaching: Autism Spectrum Disorder,3,
SPED 448W,Behavior Management and Learning Environments for Diverse Learners,4,
SPED 458,Seminar: Student Teaching,4,
SPED 459,Student Teaching: Mild and Moderate Disabilities,8,
SPED 509,Educational Psychology,3,
SPED 511,Differentiation & Accommodation in an Inclusive Classroom: Diverse Learners,3,
SPED 513,Professional Growth and Development for Teachers of diverse Learners,3,
SPED 514,Literacy Methods for an Inclusive Classroom: Diverse Learners,4,
SPED 520,Education of Infants and Young Children with Developmental Needs,3,
SPED 548,Behavior Management and Learning Environments for Diverse Learners,4,
SPED 590,Workshop in Special Education,1-3,
SPED 600,Introduction to Educational Research,3,
SPED 603,Action Research in Education,3,
SPED 605,Intro to the Psychology and Education of Exceptional Children and Youth,3,
SPED 610,Using Educational Research,3,
SPED 614,Strategies for teaching learners with special needs: Reading and Writing,4,
SPED 615,Math assessment and instruction for struggling learners,4,
SPED 619,Educational Technology/ Assistive Technology,3,
SPED 620,Methods for working with Infants and Toddlers with Developmental Needs,3,
SPED 621,Assessment of Infants and Young Children with Developmental Needs,3,
SPED 622,Collaboration with Families and Professionals,3,
SPED 625,Methods for Working w/Infants and Young Children with Developmental Needs,3,
SPED 627,Graduate Student Teaching: Early Childhood Special Education,3,
SPED 639,"Consultation, Collaboration, and Transition for students",4,
SPED 644,Program Foundations for Students with Learning and Behavior Problems,4,
SPED 645,Formal/Informal Clinical Procedures,4,
SPED 646,Advanced Instructional Methods for Learning Disabilities,4,
SPED 648,Graduate Student Teaching: Learning Disabilities,3,
SPED 652,Characteristics and Assessments: Students w/DCD,4,
SPED 653,Methods and Behavior Strategies: Students w/DCD,4,
SPED 655,Graduate Student Teaching: DCD,3,
SPED 656,Initial Graduate Seminar: Special Education,3,
SPED 657,Emotional/Behavior Disorders: Program Design and Implementation,4,
SPED 659,Advanced Graduate Seminar: Special Education,4,
SPED 661,Special Education Law,3,
SPED 667,Graduate Student Teaching: E/BD,3,
SPED 670,Student teaching: Academic and Behavioral Strategist,3,
SPED 677,Individual Study,1-3,
SPED 684,ASD: Program Design and Implementation,4,
SPED 685,ASD: Medical and Community Supports,4,
SPED 686,Graduate Student Teaching: Autism Spectrum Disorders,3,
SPED 691,In-Service,1-3,
SPED 694,Preparing the Capstone Project,1-2,
STAT 154,Elementary Statistics,4," Satisfy Placement Table in this section, or MATH 098 with grade of P. "
STAT 221,Applied Probability and Statistics for Engineers,3, MATH 112 with grade of “C” (2.0) or better 
STAT 354,Concepts of Probability & Statistics,4, MATH 122 with C or better or consent 
STAT 356,Introduction to Programming in SAS,3, STAT 154 or instructor’s approval
STAT 450,Regression Analysis,3, MATH 354 / STAT 354 or STAT 455 with “C” (2.0) or better or consent 
STAT 451,Design and Analysis of Experiments,3, MATH 354 / STAT 354 or STAT 455 with “C” (2.0) or better or consent 
STAT 455,Theory of Statistics I,4, MATH 223 with “C” (2.0) or better or consent
STAT 456,Theory of Statistics II,4," MATH 455, STAT 455 with “C” (2.0) or better or consent"
STAT 457,"Sample Survey, Design and Analysis",3,"Either MATH/STAT 354 or both MATH 121 adn STAT 154 with ""C"" (2.0) or better, or consent."
STAT 458,Categorical Data Analysis,3,"Either MATH/STAT 354 or both MATH 121 and STAT 154 with “C” (2.0) or better, or consent."
STAT 459,Nonparametric Methods,3,"Either MATH/STAT 354 or both STAT 154 and MATH 121 with “C” (2.0) or better, or consent."
STAT 492,Statistics Capstone Experience,3,"STAT 457, STAT 458, STAT 459, STAT 450 (at least two of these)"
STAT 550,Regression Analysis,3,MATH 354 or STAT 354 or (MATH 455 or MATH 555) or (STAT 455 or STAT 555) with “C” (2.0) or better or consent.
STAT 551,Design and Analysis of Experiments,3,MATH 354 or STAT 354 or (MATH 455 or MATH 555) or (STAT 455 or STAT 555) with “C” (2.0) or better or consent.
STAT 555,Theory of Statistics I,4,MATH 223 with “C” (2.0) or better or consent.
STAT 556,Theory of Statistics II,4,(MATH 455 or MATH 555) or (STAT 455 or STAT 555) with “C” (2.0) or better or consent.
STAT 557,"Sample Survey, Design and Analysis",3,"Either MATH/STAT 354 or both STAT 154 and MATH 121 with “C” (2.0) or better, or consent."
STAT 558,Categorical Data Analysis,3,"Either MATH/STAT 354 or both STAT 154 and MATH 121 with “C” (2.0) or better, or consent."
STAT 559,Nonparametric Methods,3,"Either MATH/STAT 354 or both STAT 154 and MATH 121 with “C” (2.0) or better, or consent."
STAT 588,Seminar,,
STAT 598,Internship,,
STAT 644,Bayesian Data Analysis,3,"MATH/STAT 455/555 and STAT 450/550, or consent"
STAT 650,Time Series Analysis and Forecasting,3,"MATH/STAT 455/555 and MATH/STAT 450/550, with ""C"" (2.0) or better, or consent."
STAT 653,Linear Models,3,"MATH/STAT 455/555 and STAT 450/550 with “C” (2.0) or higher, or consent."
STAT 654,Statistical Methods in Biostatistics and Survival Analysis,3,"STAT 450/550 with “C” (2.0) or higher, or consent."
STAT 659,Statistical Foundations of Data Science and Big Data Analytics,3,"STAT 450/550 with “C” (2.0) or higher, or consent."
STAT 677,Individual Study,,Consent
STAT 680,Selected Topics,1-4,
STAT 694,Alternate Plan Paper,1-2,Consent
STAT 696,Statistical Computing,3,"STAT 450/550 with “C” (2.0) or higher, or consent."
STAT 698,Internship,,Consent
STAT 699,Thesis,1-4,Consent
THEA 100,Introduction to Theatre,3,
THEA 101,Acting for Everyone,3,
THEA 102,Theatre Activity: Acting,1-2, Consent 
THEA 103,Theatre Activity: Management,1-2, Consent 
THEA 104,Theatre Activity: Dance Captain,1-2, Consent
THEA 105,Theatre Activity: Stagecraft,1-2, Consent 
THEA 107,Theatre Activity: Costume,1-2, Consent 
THEA 108,Theatre Activity: Lighting,1-2, Consent 
THEA 109,Theatre Activity: Sound,1-2, Consent 
THEA 110,Fundamentals of Acting,3, Consent 
THEA 111,Private Voice for the Actor,1,Consent
THEA 121,Movement for Theatre,3, Consent 
THEA 210,Intermediate Acting,3, THEA 110 or consent 
THEA 212,Music Skills for Theatre I,2,
THEA 213,Music Skills for Theatre II,2, THEA 212
THEA 214,Singing for the Actor,1, Permission of Instructor 
THEA 215,Audition Methods,3, THEA 110 or consent 
THEA 231,Stage Management,3,
THEA 235,Fundamentals of Directing,3, THEA 100 and THEA 101 or THEA 110 
THEA 240,Basic Design,3, THEA 100 
THEA 245,Scene Painting I,3, Consent 
THEA 252,Theatre Technology,3, THEA 100 
THEA 255,Stagecraft,3, THEA 100 
THEA 260,Costume Construction,3, THEA 100 
THEA 262,Dance Production: Costumes,1,
THEA 265,Stage Makeup,2, Consent 
THEA 270,Lighting Technology,3, THEA 100 
THEA 272,Dance Production: Lighting,1,
THEA 275,Sound Technology,3, THEA 100 
THEA 276,Dance Production: Sound,1,
THEA 285W,Theatre of Diversity,3,
THEA 295,Touring Theatre,, Consent 
THEA 300,Summer Stock,1-4, Consent 
THEA 301,Practicum: Directing,1-2, Consent 
THEA 302,Practicum: Acting,1-2, Consent 
THEA 303,Practicum: Theatre Management,1-2, Consent 
THEA 304,Practicum: Scene Design,1-2, Consent 
THEA 305,Practicum: Tech Theatre,1-2, Consent 
THEA 306,Practicum: Costume Design,1-2, Consent 
THEA 307,Practicum: Costume Construction,1-2, Consent 
THEA 308,Practicum: Light Design,1-2, Consent 
THEA 309,Practicum: Sound,1-2, Consent 
THEA 311,Private Voice for the Actor,0, THEA 111 
THEA 315,Careers in Theatre,1, THEA 100 
THEA 335,Intermediate Directing,3,THEA 235
THEA 337,Devised Theatre,3,
THEA 381W,Play Analysis,3, THEA 100 
THEA 400,Portfolio Seminar,1, Consent 
THEA 410,Musical Theatre Acting I,3, THEA 210 or consent 
THEA 411,Music Theatre Acting II,3, THEA 210 and consent 
THEA 412,Theatre Speech,3, THEA 210 or consent 
THEA 414,Stage Dialects,3, THEA 413 
THEA 416,Acting Scene Studies,3, THEA 210 or consent 
THEA 417,Acting Techniques,3, THEA 210 or consent 
THEA 417W,Acting Techniques,3, THEA 210 or consent 
THEA 418,Acting Styles,3, THEA 210 or consent 
THEA 419,Acting for Radio/TV,3, THEA 210 and consent 
THEA 426,Stage Combat,2, Consent 
THEA 430,Theatre Management,3, THEA 235 
THEA 432,Practicum: Choreography,1-2, Consent
THEA 433,Practicum: Musical Directing,, Consent
THEA 434,Practicum: Dramaturgy,, Consent
THEA 435,Advanced Directing Methods,3, THEA 235 and consent 
THEA 440,Scene Design I,3, THEA 240 or consent 
THEA 441,Scene Design II,3, THEA 440 
THEA 444,Styles and Ornamentation,3, Consent 
THEA 445,Scene Painting  II,3, THEA 252 or consent 
THEA 448,Drawing and Rendering for the Theatre,3, THEA 240
THEA 451,Drafting for the Theatre,3, Consent 
THEA 455,Technical Direction,3, THEA 255 
THEA 456,Advanced Technical Direction,3, THEA 455
THEA 460,Costume Design I,3, THEA 240 or consent 
THEA 461,Costume Design II,3, THEA 460 
THEA 464,Costume History,3, Consent 
THEA 465,Advanced Makeup,3, THEA 265 
THEA 470,Lighting Design I,3, THEA 270 
THEA 471,Lighting Design II,3, THEA 470 
THEA 472,Virtual Lighting,3, THEA 470. Permission of Instructor
THEA 474,Advanced Sound Technology: Digital Audio Systems,3, THEA 275
THEA 475,Sound Design I,3, consent 
THEA 476,Sound Design II,3, THEA 475 
THEA 481,History of Western Theatre,3, THEA 100 
THEA 482,Perspectives in World Performance,3, THEA 100 
THEA 483,Musical Theatre History,3, THEA 100 and consent 
THEA 485W,Theatre Dramaturgy,3, THEA 100 and consent
THEA 487W,Playwriting,3, THEA 100. Permission of instructor.
THEA 490,Topics in Theatre,, THEA 100. Permission of Instructor
THEA 497,Internship,, Consent 
THEA 499,Individual Study,, Consent 
THEA 510,Musical Theatre Acting,3,
THEA 511,Music Theatre Acting II,3,
THEA 514,Stage Dialects,3,
THEA 516,Acting Scene Studies,3,
THEA 517,Acting Techniques,3,
THEA 518,Acting Styles,3,
THEA 519,Acting for Radio/TV,3,
THEA 526,Stage Combat,2,
THEA 530,Theatre Management,3,
THEA 535,Advanced Directing Methods,3,
THEA 540,Scene Design I,3,
THEA 541,Scene Design II,3,
THEA 544,Styles and Ornamentation,3,
THEA 555,Technical Direction,3,
THEA 560,Costume Design I,3,
THEA 561,Costume Design II,3,
THEA 562,Dance Production: Costumes,1,
THEA 564,Costume History,3,
THEA 570,Lighting Design I,3,
THEA 571,Lighting Design II,3,
THEA 572,Dance Production: Lighting,1,
THEA 575,Sound Design I,3,
THEA 576,Sound Design II,3,
THEA 577,Dance Production: Sound,1,
THEA 581,History of Western Theatre,3,
THEA 582,Perspectives in World Performance,3,
THEA 583,Musical Theatre History,3,
THEA 585,Theatre Dramaturgy,3,
THEA 603,Practicum: Theatre Management,1-2,
THEA 604,Practicum: Scene Design,1-2,
THEA 605,Practicum: Tech Theatre,1-2,
THEA 606,Practicum: Costume Desgn,1-2,
THEA 607,Practicum: Costume Construction,1-2,
THEA 608,Practicum: Lighting Design,1-2,
THEA 609,Practicum: Sound Design,1-2,
THEA 611,Private Voice for the Actor,0,
THEA 612,Advanced Theatre Speech,3,
THEA 617,Advanced Acting Techniques,3,
THEA 621,Advanced Movement I,1,
THEA 622,Advanced Movement II,1,
THEA 630,Design for Directors,2,
THEA 631,Advanced Stage Management,1,
THEA 635,Advanced Directing Methods II,3,
THEA 638,Director/Designer Communication Seminar,1,
THEA 645,Advanced Scene Painting,3,
THEA 648,Drawing and Rendering for the Theatre,3,
THEA 651,Advanced Theatre Drafting,3,
THEA 656,Advanced Technical Direction,3,
THEA 670,Advanced Design Laboratory,3,
THEA 672,Virtual Lighting,3,
THEA 674,Advanced Sound Technology: Digital Audio Systems,3,
THEA 675,Portfolio Seminar,1,
THEA 677,Individual Study,1-4,
THEA 680,Theatre Research,3,
THEA 681,Theory and Criticism in the Performing Arts,3,
THEA 697,Internship,1-6,
THEA 699,Thesis,1-3,
URBS 100,Introduction to the City,3,
URBS 110,The City: Design and Architecture,3,
URBS 150,Sustainable Communities,3,
URBS 230,Community Leadership,3,
URBS 230W,Community Leadership,3,
URBS 401,Foundations in Urban Management and Planning,3,
URBS 402,Urban Analysis,3,
URBS 412,Public Information and Involvement,3,
URBS 413,Urban Program Evaluation,3,
URBS 415,Urban Housing Policy,3,
URBS 417,Urban Administrative Law,3,
URBS 431,Urban Design Principles,3,
URBS 435,Downtown Revitalization,3,
URBS 437,Urban Heritage Preservation,3,
URBS 438,Historic Preservation: Policy and Field Methods,3,
URBS 450,The Urban Context,3,
URBS 451,Nonprofit Sector,3,
URBS 453,Grants Administration,3,
URBS 457,Economic Development,3,
URBS 461,Environmental Planning,3,
URBS 471,Urban Transportation,3,
URBS 481,Selected Topics:,,
URBS 483,Workshop,,
URBS 485,Community-Based Problem Solving,, Consent 
URBS 489,Capstone Seminar,3,
URBS 497,Internship,1-12, Consent 
URBS 499,Individual Study,, Consent 
URBS 501,Foundations in Urban Management and Planning,3,
URBS 502,Urban Analysis,3,
URBS 512,Public Information and Involvement,3,
URBS 513,Urban Program Evaluation,3,
URBS 515,Urban Housing Policy,3,
URBS 531,Urban Design Principles,3,
URBS 537,Urban Heritage Preservation,3,
URBS 538,Historic Preservation: Policy and Field Methods,3,
URBS 553,Grants Administration,3,
URBS 557,Economic Development,3,
URBS 561,Environmental Planning,3,
URBS 571,Urban Transportation,3,
URBS 600,Research Methods,3,
URBS 602,Planning Process,3,
URBS 604,Planning Law,3,
URBS 611,Public Leadership and Management,3,
URBS 612,Public Policy Analysis,3,
URBS 650,Urban Administrative Services,3,
URBS 654,Organization Environment,3,
URBS 655,Administrative Services and Human Resources,3,
URBS 656,Urban Finance System and Budgeting,3,
URBS 661,Long Range & Strategic Planning,3,
URBS 662,Planning the Built Enrironment,3,
URBS 667,Urban Studies Studio,3,
URBS 668,Urban Studies Studio,3,
URBS 696,Internship,3,
WLC 280W,Parallel Worlds: Exploring Cultures & Symbols,4,
WLC 460,Methods of Teaching Modern Languages,3, Students must demonstrate sufficient language competence in the target language so as to be able to teach courses exclusively in the target language. See content faculty for evaluation. 
WLC 461,Applied Modern Language Teaching Methods,1,
WLC 462,Foreign Languages in the Elementary School (FLES) Methods,3, Students must demonstrate sufficient language competence in the target language so as to be able to teach courses exclusively in the target language. See content faculty for evaluation. 
WLC 463,Applied FLES Methods,1,
WLC 560,Methods of Teaching Modern Languages,3,
WLC 610,Comparative Language Studies: Spanish and Portuguese,2-4,
